Peptide, rel_r, dis_type
GPAAVDPKLA,-0.001612742, 5000-10000
KSAMSPSSRPPAVEND,0.19683141, 10000-50000
VPAPQADNASKIE,0.024744267, 100000-200000
RHAAADEPF,0.01921, 5000-10000
GVPAVDLEDGDVKG,-0.034170312, 10000-50000
EPAAAAEPEAAPVE,0.340188633, 10000-50000
VASQEKFHANADKQY,0.085614304, 1000-5000
VTKEPEAAAKEDVADDK,-0.147613187, 5000-10000
SLRDGGDGVSDAKKHSQSVRQ,0.043343946, 100000-200000
EPSKGTLTKIGE,-0.101277981, 5000-10000
SAVQAALSDKSYSTL,0.163098777, 50000-100000
PAPVAPVPE,0.897255726, 5000-10000
VAIEKETPESEPPPTF,-0.124678922, 5000-10000
AVKTNRTL,-0.282108447, 50000-100000
INDTGGVKQASHLLKYD,-0.202087273, 10000-50000
RPLEDVEKPPPAA,0.084896874, 5000-10000
GGHGHDEPYY,0.041980906, 100-1000
AVASIACPTLY,0.448871676, 10000-50000
EIQGFPTLKI,-0.109088457, 10000-50000
FQNMTKHTY,-0.076971272, 5000-10000
KPLGIISK,-0.087122935, 10000-50000
DAEAGKALESLKE,0.015171386, 10000-50000
VLESSTPVVDGKQYY,0.10517286, 10000-50000
ANLKTPATPFFF,0.516982586, 10000-50000
WSDASGDILGA,-0.066631612, 10000-50000
ALIGFLVGT,0.314538361, 50000-100000
TEPVAHL,-0.071080782, 5000-10000
AVDGEGTRTLNL,-0.118581853, 50000-100000
NPLFPVSF,0.248126045, 10000-50000
PADVSKPRDCEGF,-0.054945641, 10000-50000
NGGTEEKLRAL,-0.064916908, 1000-5000
AKKLKAGAAVVA,-0.104916315, 50000-100000
EEIQDVRHLRAL,-0.051700158, 10000-50000
LAGTAPLHAGAGAGAPGY,0.331161296, 10000-50000
FQIIRTATSGGVA,0.136809214, 10000-50000
KPVSSVV,-0.211692329, 1000-5000
VKEEAAAPAAETEA,-0.009087705, 10000-50000
VEQEPEAPAPAAVPRMPVA,-0.214847408, 10000-50000
DGRQVEALTQ,-0.041215014, 50000-100000
LADQLTDIVV,-0.012981677, 10000-50000
QPRLRPPTGAAS,-0.122594647, 1000-5000
VRAVRQPDSAQSGVQP,0.466290962, 50000-100000
VATFPLKMYN,-0.151281951, 5000-10000
IVLDPAAGISARLY,0.023703133, 1000-5000
IRQIVGDKF,-0.000172478, 100000-200000
LGLVSGGSGVWPASKY,-0.047461456, 5000-10000
SIFRNPISAM,-0.013474576, 5000-10000
TALTAVSQLTHHGMVF,-0.124881588, 50000-100000
VVLSSQLKH,-0.056489263, 5000-10000
YSTYGHVARL,-0.12324522, 50000-100000
ATRDAVSLSGGPSFTVPLGRLD,0.598070042, 10000-50000
AFLPATTAREAIQY,-0.0978349, 10000-50000
DLAKQLALGK,-0.037629887, 5000-10000
FLNERLT,0.135322455, 1000-5000
GAVGIGVGVPVYAV,-0.047898989, 100-1000
KSTISSASPVVSGAF,0.051646453, 10000-50000
LAAALAASGRW,-0.034150121, 50000-100000
TSRLPPNADDGTM,0.620198476, 5000-10000
TILFGDSDPTSSKPKFGSY,-0.088765065, 5000-10000
VADDKAVIPATDPPPPPPPAD,-0.138369081, 5000-10000
AAELTGSHLD,-0.100159419, 10000-50000
SASVSAPPVIK,-0.047789897, 50000-100000
AIGDVATFPLKM,0.020392252, 5000-10000
RVAAPAPPPLW,-0.085850496, 10000-50000
TAILESDPLNWGKA,-0.122890704, 10000-50000
AGQLGGKPLVTAVTKDASTSLYT,0.258464845, 10000-50000
PLEIQDSEVD,-0.003117434, 10000-50000
VVDTESGVHIIKRTG,-0.037236764, 5000-10000
SDRLPPNADDGTM,0.701019886, 1000-5000
ATMILALPAMVL,0.364034986, 5000-10000
ILESTVFPREPD,-0.081824541, 1000-5000
AAREFAKQGVKPGEL,-0.132108121, 10000-50000
AEAHAKLSEL,-0.069071378, 10000-50000
DVIGSAGSPDKYW,0.118079132, 5000-10000
DVLTGNAGEVRLN,0.805340754, 5000-10000
FTRVSSIKKQILGSHEN,-0.058372676, 5000-10000
FVHGLGWGAGAEDL,-0.105334099, 10000-50000
GADVAKLKEMKR,-0.078777144, 100000-200000
GASANEPLLADL,-0.06381052, 10000-50000
GAVLLKNDHNF,0.182590839, 100-1000
IEVPNQTLRPEAL,0.639457117, 1000-5000
IVVVGVGGRPLTTL,-0.132286689, 5000-10000
KLPAGAGAVGVAGLAPSSSSQQSLPAQ,0.287469966, 10000-50000
LEKHPELKGVKE,-0.146576441, 10000-50000
LPSDKALLSDPSF,-0.134434327, 1000-5000
MLGMSRTGLAGAALRVAL,-0.043130026, 10000-50000
QAPTPQQYY,-0.046659949, 10000-50000
QPAETHVAPSEEATSKGSSPPKVEE,-0.077763567, 50000-100000
QRAVEAGAVRPLLDLMADP,-0.196241215, 5000-10000
VFTLPGPDFD,0.791425999, 5000-10000
AVIFQQKKTASG,0.231761965, 100-1000
DTTGTGPLLPDATRAVVSE,-0.052236669, 5000-10000
VIWTESAFKKL,0.13980144, 5000-10000
KQVGAYADAE,0.154126838, 5000-10000
LAAAYLLDALQLRQG,-0.061997424, 10000-50000
SNIASVLDVTEK,0.028582729, 1000-5000
HEVPSYQPKRA,-0.072186753, <100
IQIEGVNTKEDVAWYAGKRMA,-0.121113979, 10000-50000
KNSVKQVSKIGNALTLA,-0.192303361, 1000-5000
PYIDSPMPIGF,-0.116696191, 1000-5000
SEVVPATQTGDESVSK,0.074982342, 1000-5000
IDASSTPRVVTF,-0.069520679, 10000-50000
LPVSGINVAFNRDVL,-0.003809729, 10000-50000
SAALHMNINAAKGLQD,-0.111651623, 10000-50000
MGIDTPSKF,-0.062294226, 1000-5000
FFNPLGDERILRE,-0.074038997, 5000-10000
VVLQPDRFLSELTSM,-0.051450965, 1000-5000
DEGAAGAAAAAAETAPLY,-0.161577796, 10000-50000
VEVTKEPEAAAKEDVADD,-0.125110656, 5000-10000
ESITTEITSGKEKF,-0.077592779, 5000-10000
FSSNMNTKNAERF,-0.096490254, 5000-10000
KPQGWEAIPKPKSH,-0.094232843, 5000-10000
WVNTLSSSSLLGNRD,-0.120770906, 5000-10000
PLIGAGLAGGLYE,-0.127978639, 10000-50000
DVIEIAKTMRN,0.233780346, 5000-10000
IALGCVIAPLTL,0.039184509, 50000-100000
IFDADVKPVGDN,-0.033628038, 10000-50000
GDPAGNHFQIR,-0.079519581, 5000-10000
KSDQGLINHPDTKRAATRF,0.450850153, 1000-5000
DPARLVSALAGAA,0.324090424, 50000-100000
AGPSTSSSFPVP,-0.061361443, 5000-10000
APAALVEQTF,-0.06672292, 10000-50000
QVVEVLRPLQNLRDMASA,-0.077257763, 10000-50000
TVEGDGKSAGTVRL,-0.051121447, 1000-5000
VAQFRDPVVKIEGSSLRVGQ,-0.074644879, 10000-50000
VSHEWSLVNKQ,0.345488877, 10000-50000
QLSGENAPSK,0.175303848, 1000-5000
PSSEATTWPTPSSRAAAAAAAAAA,0.770045388, 1000-5000
GALEGVVTAGQ,-0.129125214, 50000-100000
TLPPSVQERP,0.242667953, 5000-10000
KTETPIDI,-0.197653806, 5000-10000
ADLSASTAPPAKAI,-0.052264427, 10000-50000
TPKEAEPEPAAAGEVKEEAAAPA,-0.041673204, 10000-50000
QVLTATAAAA,0.196824773, 5000-10000
KVEEPAAPAETEPAAAAEPE,0.419586935, 10000-50000
AAAAEEEPAAAEPAAEEPEKAEPAAEVAEKASE,0.496926662, 10000-50000
TPTVVATEEAPAVE,-0.020538321, 10000-50000
GVHERHALLL,0.135824133, 10000-50000
TEEAPAVETPAPPAVVPE,0.176681839, 10000-50000
ATATASGKAADAAEKTEPV,0.224571852, 10000-50000
APAVETPAPPAVVPEEAAPAAEAK,0.089806931, 10000-50000
AEMPQLEDDAGESKME,0.234534747, 10000-50000
SEANPSADMDEMVKAIVSRVTD,0.507942373, 1000-5000
VATKEPELGGGGSGAGDGAGGSGGGSDPR,-0.172371428, 5000-10000
EIMLDQLSLLGK,0.215231434, 5000-10000
QLAAVPLGDEA,-0.003327579, 50000-100000
LSQVDYLLGKQAY,0.076358352, 10000-50000
ANADLGRIINSD,0.055843989, 5000-10000
DDSLIEAR,0.008269324, 5000-10000
QEEEKEKEGGGDGG,-0.11732563, 100000-200000
KEGDTVLLPEYGGSEVKLAADKE,-0.02463353, 5000-10000
EEVYGSFDAPSQKKKG,0.107293554, 5000-10000
AGGPFDGAAMNPARAF,0.203786075, 10000-50000
MAAHQGSYFAAF,-0.101965055, 50000-100000
VHASAYDKNLEDQVRPAF,-0.035339357, 5000-10000
VVEVKSPADKLWAALRDS,-0.063749644, 1000-5000
YALYNDLGNPDLRQD,-0.046768175, 5000-10000
YTAPLKDGHPLVLDLTSPVISL,0.498506947, 10000-50000
SELADNLGL,-0.048828013, 50000-100000
PVLEPPHQTK,-0.10212434, 10000-50000
IRITEVVPGVVE,-0.047550807, 10000-50000
TFKEAGLANSM,0.011217457, 10000-50000
FADYAEAHLKL,-0.060951768, 1000-5000
QGGESVVKEQSH,-0.055247387, 5000-10000
AAAAAGTIMVCKIAPL,0.016502266, 5000-10000
AAMNPARAFGPA,0.026261042, 10000-50000
IQAGGGGNAGAGSSRLT,0.133171717, 5000-10000
DHVPGHEAGAAGVPQP,0.496533018, 10000-50000
IIWRVQDNHM,0.522699984, 5000-10000
LTSGFSLDDPNTFGNRIHRM,0.2086948, 10000-50000
AAPVEAEEETPKEAEPEPAAAGEVKEEA,0.416554509, 10000-50000
PVDAAEAEAGGAQLG,-0.047553928, 5000-10000
SVGDHKYNEILKVALC,-0.093747477, 5000-10000
AAVAMASDAAQVKAAREDIREL,-0.060799553, 50000-100000
DDQDEDEEEDDDEDSLQPPKKRKK,-0.097942894, 5000-10000
LSVKQALGNPASLST,-0.070882157, 5000-10000
AGSPRRRAATR,0.12150071, 5000-10000
CATCAPSRAPSARSAAWT,-0.087697525, 10000-50000
FREDDILGTL,-0.000643692, 5000-10000
KLSCEMAVPL,0.465473221, 10000-50000
LTEPENWSPNAVYQATRL,-0.141477921, 5000-10000
ATADGARPVVE,-0.249394993, 5000-10000
YERSTEKGSVW,0.103708208, 1000-5000
GANILAGGPFDG,-0.1943975, 10000-50000
EEAAAPAAETEAEPAAAEPEAAAAEEEPAAAEPAAEEPEKAEPA,-0.1985932, 10000-50000
ATGGASSNESILKSVAQ,0.142545901, <100
TVADFEGDDEENKRE,-0.081437833, 10000-50000
AVGDASSSSPVAPR,-0.096592886, 5000-10000
VYQPVYPAPAY,-0.133007878, 100000-200000
VQARGHRIETVPEMPLVISD,0.051342582, 5000-10000
AGVQAAAAAYQGSGAPPGFQ,0.467470577, 10000-50000
RGIPNSITV,-0.076602065, 1000-5000
AVANIGKLMF,-0.078781344, 10000-50000
LMSSSSLAQGCS,0.346574028, 5000-10000
AGVDVQDLL,-0.05870081, 5000-10000
AILGPTPAEPVGDFARTVVRD,-0.046410127, 10000-50000
AVAVASNASGGHVNPAVTFGL,0.130396631, 5000-10000
FVHVSAAGEY,-0.066846691, 50000-100000
GAVFPEDVAGKVVL,-0.046160343, 10000-50000
PEVLAWNSRL,-0.046808837, 10000-50000
REVGDVALGLGSPGVLVL,-0.045160187, 10000-50000
SAPPAVLPS,-0.128775192, 1000-5000
TEVVPGVVESE,-0.046538385, 10000-50000
GLVGLIWIISFHPQLLR,0.756916998, 5000-10000
QERNYSPQL,0.026263862, 100000-200000
MNDVFSVLLST,0.386703956, 50000-100000
DADGGGIPPPN,-0.037688934, 5000-10000
KPVDMTQPPGSENLVTWA,0.036724577, 5000-10000
QGPPGFQVGQATTQTSTAAAAAAAAA,0.120991717, 10000-50000
YKDTATPGGLLAVAIAHTLAL,0.074597184, 5000-10000
ISAVPHVES,-0.181104662, 5000-10000
GVEKAAASFSVA,0.266544869, 10000-50000
YLQPLPPAEAVARVKTSA,0.530316496, 1000-5000
RIKVAGGKAGNLGE,0.151739815, 1000-5000
LQEDLDAATARKDKAYEL,0.808546758, 100000-200000
LVYPNPGGYRDL,0.021392069, 100000-200000
AATAVPALVQARGHRIETV,0.100854609, 5000-10000
AEMEAVAY,-0.020893743, 10000-50000
EAEMPQLEDDAGESKM,-0.138661862, 10000-50000
GASPAKRNT,0.220929131, 5000-10000
NLVTGAAWPGHPEF,0.592036343, 10000-50000
THQLAMEL,-0.030037564, 100000-200000
VENTNRDDSL,0.014130244, 5000-10000
ESLCRQLAVTGTN,-0.038841809, 50000-100000
AGNKFTSAQISD,-0.000402072, 100000-200000
AVNAAKEAVQRSEEL,-0.259683499, 5000-10000
DDEDISYITNRAAVY,-0.109690371, 10000-50000
FGSLDVPLVNM,-0.055887578, 10000-50000
GLLDSLYRVVM,-0.066979338, 5000-10000
GMEVVGAEAAPAEIKVSD,0.985166365, 100000-200000
GYGVKTGLPYVMRS,0.386990724, 10000-50000
IALAPDNHVLYSNRSAAY,-0.109090819, 10000-50000
IARTAVAQDDTSGDGTTSTVLF,0.375414689, 10000-50000
IVIRAGQSAKEKKTE,0.541229584, 10000-50000
LAFTPTEFQHL,0.494657237, 10000-50000
LDIPTQRVGTY,-0.136661138, <100
LQRNNYTN,-0.120889769, 1000-5000
LTVDTVGASTTDTLGKWL,-0.045537119, 10000-50000
PPRSDHAAGSGAAAAATQAHFDSIDPLFHVL,0.090571079, 100000-200000
SAESIEKTSQALKILKQVGAY,0.085445826, 5000-10000
SEITKGKMLTKGGEMKVDQDERD,-0.046343964, 10000-50000
SELVRVSSLGVQDQ,-0.103048739, 10000-50000
TDVSAGLGEAMVGINLNDPKVERYAARSE,-0.074660706, 10000-50000
VEWNNLWKVHGAQNA,0.451516596, 10000-50000
VEYYDHQQGSGSKVHQYAKQFLSSDSNSGQQKE,0.312876799, <100
VQEVKKVLD,0.003481717, 100000-200000
YQSALFDVNRL,-0.065399656, 5000-10000
VANLEELKKD,0.302463535, 5000-10000
ELAVLATSTK,0.005645786, 1000-5000
VAAVAVASNASGGHVNPAVTF,-0.082573207, 5000-10000
IDRGVIASNGVN,-0.070692793, 10000-50000
ADVEAGAQARAAP,0.091605172, 5000-10000
ELQVVADV,-0.048018687, 10000-50000
GEPPTAIEAVATLVNIAALD,-0.10930339, <100
MDSPVVYYLFS,-0.075180687, 10000-50000
ATTAAVGVIAHRF,-0.123123193, 10000-50000
EVELGLVIASF,-0.091111248, 10000-50000
EVEMGQSMEMGTIHAGDF,-0.206054118, 5000-10000
FKSDQGLINHPD,-0.093001761, 1000-5000
KDEKLSFYQGFDP,-0.037460544, 1000-5000
NTDESPDIASQYGVRSIPTTM,0.125508258, 1000-5000
LLLPKKAGGGSAKAAAGDED,-0.106673935, 1000-5000
LAPFVKVLDQKF,-0.10373347, 10000-50000
QAAVTAAPQ,-0.225323106, 5000-10000
QDNVLAL,-0.099799441, 5000-10000
QGLSGAVRHQNSMS,0.496101114, 1000-5000
APPPQQPPAMWGQPPPQAHYG,-0.037332072, 10000-50000
KTQPPVANLE,0.47264812, 5000-10000
YIVKDGAPALV,-0.055382663, 10000-50000
IVPTSTGAAKAVSLVLPNLK,-0.04415956, 10000-50000
NKVNYAGVSTNNYALDEILEVK,-0.04649262, 10000-50000
GECLKLVVQDN,-0.120293148, <100
TPAPPAVVPEEAAPAAEAKVEEPAAPAETE,-0.078064312, 10000-50000
AAAEPEAAPVEAEEETPKEAE,-0.081534319, 10000-50000
PTTRGSTSPSSPQN,-0.088396337, 5000-10000
GARGRGGSLGAEEGGEP,-0.019182819, 1000-5000
PAPAVPVNAAAAEGSGGCWRRRKRR,-0.183982517, 10000-50000
KGMSPVVPL,-0.046815973, 5000-10000
KPDWDAAAAA,-0.153365807, 5000-10000
HINTIVIR,0.329887958, 10000-50000
QSQGRILKHQNNATHT,-0.044297056, 50000-100000
TATASGKAADAAEKTEPVKDEL,0.099262843, 10000-50000
SEATMQEASHAGEQ,0.080867239, 10000-50000
LLSKPKKSEEVVD,-0.074473203, 1000-5000
QAANVTFT,-0.141358445, 1000-5000
DIRVLTDAD,-0.153988931, 5000-10000
GVTKEDVEAAITSALSPSNL,-0.225837739, 1000-5000
VDTSKPGTTDRSIQLTDPLASSSW,0.391074284, 10000-50000
VQSQVTLNLPSG,0.202104417, 50000-100000
VDEAAKKEVKDIF,0.591150816, 5000-10000
QRAEALQN,-0.114005029, 1000-5000
EPAAEATSREVAVEE,0.065123815, 10000-50000
ASTSVAQRSSGGF,-0.072978707, 10000-50000
LEKSEKPLL,-0.137212895, 100-1000
EVAVEEKKEEAEPA,-0.023636826, 10000-50000
SSASGQPERKVAILGAAGGIGQPLSL,0.136234237, 10000-50000
VVKIDTEKY,-0.227636088, 100-1000
YLLSKPKKSEE,-0.168764142, 1000-5000
ASAKEGNGAPTKKTSLHDL,0.08227941, 5000-10000
VGDARPGDFLF,-0.08377666, 5000-10000
DHGLTHIHLY,-0.238106668, 50000-100000
EIVKAPEKGPVF,-0.186473068, 50000-100000
IALFSSLDVLA,-0.042747114, 5000-10000
AALEQAPEDPILG,-0.111000134, 10000-50000
APRACRASSAPCTPPTS,-0.004108894, 10000-50000
AGAAPGPAKQPL,0.103445863, 10000-50000
HFTPVGNKIL,-0.110612148, 10000-50000
VSKNPMEDHNRSL,-0.100678263, 10000-50000
SVVVPELKTDSF,-0.061340084, <100
TPISDPDSKGY,-0.089516106, 1000-5000
ISGGKDAESAYWEL,0.12872847, 5000-10000
QVEKIVKTLNEGQ,-0.09806484, 5000-10000
PSERTAGDKSPR,-0.051060364, 10000-50000
VSAAKLRI,-0.065126046, 5000-10000
LTADDAGVGTGSFKE,-0.066523358, 5000-10000
FETSGDPQRPVET,0.555347631, 1000-5000
TPSEAAVVEEKKEEEKKEEED,0.233884395, 10000-50000
APSDFKVSGAEVIL,-0.116559554, 50000-100000
IPALVDGDEVLF,-0.096120865, 5000-10000
KEQAGAGKGL,-0.175803136, 10000-50000
LSKTPKAGLVAA,-0.095515898, 5000-10000
VYEAHLARNKY,-0.105256103, 5000-10000
KTVAAIPLPPPPSSSA,-0.088895403, 5000-10000
MPSTSPSSSDALEKARA,-0.231703972, 5000-10000
SLISGDNKGAAARF,-0.077050787, 5000-10000
GYRGGPRGAMGDFGGEKGSAPADF,-0.106393294, 5000-10000
IAGKEGHVDYGTVPGVVYTHPE,-0.082884632, 5000-10000
ALASHMAEIHA,-0.120293431, 1000-5000
TLADANHASYLLY,-0.078835903, 5000-10000
AGAASGRGRLQLPSWVPAGA,-0.075536368, 10000-50000
APNAGEIIHEAVVA,-0.082366816, 5000-10000
ASVNRSPSAYLN,-0.073265351, 5000-10000
ATAVPYNAAAAAAAAGKEE,-0.213516178, 5000-10000
DPSTKLGLD,-0.064991671, 1000-5000
EIVPVDLTTGAHKQPDF,-0.090666092, 5000-10000
GDLDQSVRPVAPLQF,-0.156747987, 50000-100000
IAAALAAGEFNLPPPPPPPKAKETKVEE,-0.044830355, 5000-10000
IPVPLNEAPTL,0.365324713, 10000-50000
LPDPEKKALD,-0.046422587, 5000-10000
LTGVTIAHGGVLPNINPVLLPKKT,-0.147299242, 10000-50000
QLLPPPPPLPPPPPR,-0.043435642, 10000-50000
QPQQVLTPLQPPALPALP,-0.100513821, 5000-10000
QSVRPVAPLQFLQ,-0.158949801, 50000-100000
SKKVTPEVIAEY,-0.04524642, 1000-5000
TVNNPASKKKTLLY,-0.04626153, 5000-10000
VATVLNEKGLD,-0.080480084, 5000-10000
VPSVPSVAPVPSVPALPRDAYY,-0.111666022, 5000-10000
VPVAAEAEAEAKDEKKGD,-0.046111486, 5000-10000
VRPLLGGAPDAAVVDKHAEQ,-0.083293859, 5000-10000
VVRAILKNPNDNTQ,-0.058307162, 1000-5000
YGGGSISYGALTANK,-0.121191361, 10000-50000
VSLQEKGNSLKTATV,-0.1809385, 5000-10000
KKGCDQTTRQ,-0.11228011, 5000-10000
TSQPPIVFKTQL,-0.058034035, 50000-100000
WLKTNASPEVAEST,-0.137350982, 5000-10000
ILAGQKDVSE,-0.014602057, 50000-100000
IVARPAFQKT,0.072025603, 5000-10000
NKAGYTTNASGTSSSISAATAKGSSPDFKAY,0.74111274, 50000-100000
VASTFSGIIRAL,0.157887439, 10000-50000
IAVKEPLDL,0.288296252, 5000-10000
IGLAASALALTR,-0.011920936, 5000-10000
PFLNTPISA,-0.087660246, 100-1000
TVQPHFPLGYVSA,0.061581788, 1000-5000
KAPKIKAI,0.123466547, 1000-5000
KYISAAVLAL,0.327838711, 100-1000
AGMKPSTPFAQSSGGSGGYGSGRLPTAQ,-0.130858043, 5000-10000
AIVARPAFQ,-0.13867112, 5000-10000
VGETLEQREAGSTMD,-0.102243636, 5000-10000
LSGNIPRALAEI,0.099201754, 100000-200000
LEEPGRQQRRPRDRASHPAAAAAATSHG,-0.073110287, 10000-50000
IRTAVNVDDHIIVPELN,0.060556802, 5000-10000
ISKLNFDDAV,-0.107139738, 5000-10000
KDMTGIIP,0.103381069, 10000-50000
KVVLVGHSFGGVSLALAME,0.781105738, 1000-5000
LGVAKPSIVDGASEQSGPEGRKF,0.433999982, 5000-10000
PDVLEIKVIST,-0.189373744, 1000-5000
QLLLEQASAK,-0.038619717, 5000-10000
QPHSSPAPASAPAPIGF,-0.081007554, 5000-10000
LPVLPRFACRST,-0.094664361, 5000-10000
RATSEEERSGGTPPAAP,0.06234071, 10000-50000
EAAPAEAEVP,-0.008403048, 5000-10000
YVDEAAKKEVKD,-0.075169555, 5000-10000
VQHIGVPSLDM,-0.04628175, 10000-50000
VERFKLAGASESDI,-0.077998111, 10000-50000
PRANAAVQNGNN,0.261023533, 10000-50000
KVFTSEEL,0.063756964, 5000-10000
LSGGQSEEEATRNLNAMNKL,-0.074664326, 1000-5000
VTIRATMSM,-0.093698435, 10000-50000
EIEVVSEKFEGKRL,-0.143045962, 1000-5000
LQEKATVSHNSQL,-0.074026152, 5000-10000
AVLAGTIAALSGL,-0.158732653, 1000-5000
APLKLYGMPLSPNVVRVATVL,0.141782152, 5000-10000
TENGQNVDLNVVLDKLMNGR,-0.109787536, 5000-10000
PHGATTLSIRT,0.247810935, 10000-50000
YEESGGTPESNPFAARA,-0.095957126, 10000-50000
FTLADANHASYL,0.074036964, 5000-10000
AQRVGSGAPVYLAAVLEYL,-0.080465713, 10000-50000
QRTVPAAVPAVVFLSGGQSEEEATRNLNAMN,-0.097518134, 1000-5000
VDVHAVGLPPSLGDAY,-0.144692105, 5000-10000
WAEQNGIPKQ,-0.105373955, 5000-10000
SVTDAEVVDYDSRPGDK,0.804771334, 10000-50000
TRGENQESQTGNVPAASAAAPGPKPA,-0.0644069, 10000-50000
IEQIENALAVTK,-0.009537839, 100-1000
AEAEAEAKDEKKGDEAELT,-0.046274703, 5000-10000
RAVSKASAVLDGKLT,-0.039157449, 10000-50000
ATAEEPKAQVAADAPVEEVK,-0.035636446, 5000-10000
GAGDGEVAASKDKASGGGAERTSL,-0.055268486, 10000-50000
LSIVLHMVVGKG,-0.052466263, 10000-50000
GIDWGEVGKQLEL,-0.135856732, 5000-10000
ATRAEQEAAPVTIED,0.066735554, 5000-10000
DVAAAAAGGAATGASLQEID,0.101850147, 50000-100000
TVLLHVAPTDLL,0.368264487, 5000-10000
LSASPPVYWAAAHVLASPS,0.134714296, 10000-50000
DPLQRMPPDI,-0.023834277, 5000-10000
EPAKEEPAAEAE,-0.04748631, 5000-10000
GAAAAAVAPPAVVDFGSSSWGS,-0.10628053, 5000-10000
EEDQGGQAGRRRAG,-0.163220377, 5000-10000
MAQSYAKNMGLYGERVGAL,-0.127694868, 10000-50000
EKFEDSPLSSPTGR,-0.162660941, 10000-50000
SSDQDDWGTKAFPGIVSA,-0.062210069, 10000-50000
WEDVGTIKSF,-0.163270897, 10000-50000
FGGGPIDAAGALRGF,0.096498644, 10000-50000
DSNRLSGGVDA,0.014752589, 10000-50000
RTLSNMIPYEHVH,0.813369858, 10000-50000
LRNLAPTLAPPL,-0.084377591, 1000-5000
AGDDHEAIHATGAGDEGD,-0.061631599, 1000-5000
ISVFGPGGLMPRATPQL,-0.036956254, 10000-50000
RTPASPARVVQ,-0.058076304, 5000-10000
NSITFTTAL,-0.001253314, 10000-50000
LAVLDQVCKEVGRIN,0.026550503, 10000-50000
MELQPKPTRNGSSYTNATSAGSSSVTTSEIGPEYSSPVAQ,0.519431629, 10000-50000
AAAPGLAARPFSL,-0.067292898, 10000-50000
AKKQTFSSF,0.130632497, 100-1000
DRWYAPVSQQPSH,-0.109094294, 5000-10000
FEDSPLSSPTGRQSHIAR,-0.14457683, 10000-50000
GEKGSAPADFQPSFR,0.330722988, 5000-10000
SGTGSLRVGGEF,-0.067085989, 10000-50000
ISETKKLR,0.106763322, 5000-10000
AGLSMRTVPHLADAIHAAVTQLK,-0.063602286, 10000-50000
AVLGVDKMSL,0.085384251, 50000-100000
FPGPPVEATE,-0.071341953, 50000-100000
GGSEEDTDAARVEAGEAL,-0.004284074, 100-1000
KAQGVTEDRL,0.795860698, 10000-50000
LAAAASTSPPV,0.015207539, 10000-50000
NAMNKLSTKKPWSLSF,-0.04763335, 1000-5000
NESVPGSVKSVFKPWEQRL,0.140576655, 10000-50000
QVEPAREAAAEGGAPSAGPTYR,0.06174998, 50000-100000
SASMPLSGASAGTGRDR,-0.06269614, 1000-5000
SFGRALQASTLKAWAGKVENLEKARAAF,-0.042617884, 1000-5000
SSESDPSLNVEHR,-0.08955481, 10000-50000
TELANQEPWLSSMKL,-0.098467688, 10000-50000
TFTGLNSEQVAF,-0.0666205, 10000-50000
TKTAVSGLQSA,0.551171514, 10000-50000
APYQDGVSKELAHA,-0.048197507, 5000-10000
DIRAADFGEQANREQTMA,-0.043793512, 1000-5000
AAAEASTSSSAAAAAGGSGSGSGR,-0.035654257, 10000-50000
AAGAATASAAGFFLLYKDHL,-0.046391959, 1000-5000
ALPSDSDLKLHT,0.337670271, 10000-50000
ASGSLDKDAQSVRMF,-0.053668481, 10000-50000
FATTAPPRPVWGTAGEPAKEEEDVDDAVRAAL,0.294477929, 5000-10000
IYASSDQDDWGTKAF,-0.037317393, 10000-50000
VLESARNEYADKAKVYPPEIVVDRQ,-0.035940188, 10000-50000
VSIKKALTPAQAQPQAQPEPAADKPQA,-0.092793674, 1000-5000
VVACHAEPYAY,-0.086826523, 10000-50000
IYMPPTSPLVK,-0.089757764, 50000-100000
ARWIGVQKSHEEA,-0.165416652, 5000-10000
MALSPEVLANVV,-0.04722879, 10000-50000
EEDKPAAEEAAPPAAAAAAAEEK,-0.255963179, 10000-50000
AMFNEDQKTGAESERHF,-0.045868364, 1000-5000
GPMFPEAKPASAAAAASRSVVGVDRD,-0.046454062, 5000-10000
LAIRNDEELGKLLTGVTIAH,-0.08398319, 10000-50000
DHASAPFEDQ,-0.136837347, 10000-50000
TAVTVGRVADKADIVLPVA,-0.136735982, 5000-10000
KVLATGGSVL,0.109243326, 50000-100000
TATKTVEAIEE,0.768563447, 5000-10000
LDGTSTAQSFQPID,-0.056859366, 1000-5000
AFFGKEPLEG,-0.085740055, 10000-50000
KKEEAEPAAATEAAPAPAE,0.041238406, 10000-50000
NWFATHGTSMSRTNSL,-0.05723149, 5000-10000
KLNGWRQGRICL,-0.108903584, 5000-10000
EEAKPSEPEPQEKTVVVTEEETATKTVE,-0.03771562, 5000-10000
KPRQVVDDI,-0.0315871, 5000-10000
MMGVGPFGMMSGSMPPPPP,0.603612713, 100-1000
VIRPMYSNPPLHGASIVAT,-0.053545533, 10000-50000
ALPHEPAGFYNDR,-0.056674091, 5000-10000
AGLAVPTKFL,0.349474626, 10000-50000
DFVNGKFETWEP,-0.106230012, 10000-50000
AGCGATPSPAAT,-0.081571194, 10000-50000
SENDNLAALLGNDDKSSDLQNLKEIQR,-0.075939148, 5000-10000
NIAGFGAATIDGP,-0.062822851, 50000-100000
FVLNQHQPAEHDESSSQ,0.041992514, 10000-50000
TVQNRQAKVSVIPSAAALVIKA,0.174924703, 10000-50000
QDGDEGLGTMLVA,0.134844361, 10000-50000
VAAAAGGAAATGASLQEID,-0.106988858, 50000-100000
GIDWEEVGKQL,-0.03865961, 5000-10000
RQANFKGANLLGASF,0.035327504, 5000-10000
MERPSVQKVAALMKPSA,-0.16687114, 10000-50000
VSLSWGEVGT,-0.132093288, 100000-200000
VDIVAQTPHIG,-0.089621675, 1000-5000
AGLVGTATGLAKSA,-0.057256002, 1000-5000
VLSTGSRIPSVGLGVW,0.207014381, 10000-50000
LPAAAAREAIQY,-0.215173508, 5000-10000
LVSLQEKGNSLKM,0.034384959, 5000-10000
VVAPAKF,-0.02002713, 10000-50000
ASAKEGNGAPTKRTALHDL,-0.043546282, 5000-10000
FFLDPVTPFKF,-0.218236031, 50000-100000
AALLAELALSR,0.021511587, 5000-10000
ASASVSTDKNK,0.060686483, 1000-5000
VEGYPREEHM,-0.018199544, 10000-50000
GLFKQETVYVDDD,-0.263677894, 10000-50000
APVDLTPKQPRKA,-0.061890927, 1000-5000
AVLAGNASPSADDLTAIL,0.279931119, 100000-200000
GPSVLKNPIVVSVA,-0.066975232, 10000-50000
SASHRSVLA,-0.061640174, 5000-10000
VASRWTGESVSE,-0.06525683, 10000-50000
VDVRAGLGSQ,-0.100252691, 1000-5000
KPDADIVVLPVGSVVTADY,0.277462832, 1000-5000
YFNSSPGRL,-0.264108531, 5000-10000
DKQLDADTHRRYIY,-0.042233445, 5000-10000
GPYNYNPGAACGSPGAT,0.003725372, 10000-50000
VQVPQLLGSLLF,-0.046103205, 10000-50000
VRVADDE,-0.255643192, 10000-50000
SAALSTELRHKYN,0.054758896, 50000-100000
YRLPFNL,0.085424556, 10000-50000
PYIRDGTL,-0.156262409, 10000-50000
ASLPHHVTY,-0.178506315, 1000-5000
LLKIATGGA,-0.139556725, 50000-100000
LLETRLLLL,0.035042925, 10000-50000
DTIDVSNLNRQFL,0.263799283, 50000-100000
QPVSVAIEASGRNF,0.240697894, 5000-10000
VVGPVYDRF,-0.125921145, 1000-5000
KQQIAKDHPAA,0.158004047, 1000-5000
QITGSTVSG,-0.130926838, 1000-5000
QRQFQGKTVLLGVDDMD,0.440498633, 5000-10000
REVDWSMPPRPVPEF,0.211917211, 10000-50000
VPITHPAKSY,0.486067868, 10000-50000
GYRGGPRGAPGDFGGDKGGAPADF,-0.028768316, 1000-5000
VIEEKFPTPSLVTPPEY,-0.050364004, 1000-5000
AVEPASFTVKE,-0.117729363, <100
VPALQDGDLY,-0.062647744, 10000-50000
ITREKVNGSTVNVGIHPSKVM,0.057378952, 50000-100000
PIVERLTNSL,-0.014333754, 5000-10000
VPLRLTGAEPAGSVLVRNLY,-0.231070935, 10000-50000
VVGLSVEDAKKVILKDKPDAD,0.424351324, 1000-5000
QVEGTVKAVV,-0.121964358, 1000-5000
DLSDADLRGADLSL,-0.078402414, 10000-50000
LAGRGLLSSDE,-0.066039265, 10000-50000
YVEGYPREE,-0.211200968, 10000-50000
ALPDVAAGAVAGIRDAL,-0.120406371, 5000-10000
APIDFANR,0.260937363, 1000-5000
DELKKLREQLASAEAAK,-0.174842068, 5000-10000
GGGGGGAKTSWPE,0.389505485, 1000-5000
IELGKILGARGL,-0.196821854, 5000-10000
IFIGGIGTGGTISGAGRF,-0.078490111, 10000-50000
IPVGAAGLLEHPPKQQD,-0.107871227, 50000-100000
KNDAGEPFPLF,-0.056649473, 1000-5000
QKAIDSENYAL,-0.14255825, 10000-50000
SAYIKKGVEADE,-0.025615444, 5000-10000
SILNGPYTSPRL,-0.122463433, 5000-10000
VEKIVKTLNEGN,-0.236533856, 10000-50000
VKAAAGNPDTLGD,-0.0465587, 5000-10000
VVRAGSVASEAVLAL,-0.197731982, 1000-5000
YEIVPINFATAEHKSPEHL,-0.063012238, 10000-50000
MNSEPKPSVFQLLSPV,0.442011509, 5000-10000
VRVATYF,0.062977259, 10000-50000
VSYTSNAEKWIYGVN,-0.061396228, 1000-5000
IILGKSDRF,-0.009142434, <100
EKLRGGAQEW,-0.050461466, 10000-50000
KLQGLDIVDL,-0.225801542, 50000-100000
PVGSVVTADYRPNRVRIF,-0.163506586, 1000-5000
ADLNHVSVTL,-0.067133267, 10000-50000
DSAPTSVLEKLDDL,-0.126816391, 50000-100000
SVSTDKNKNY,0.080386145, 1000-5000
ATEEQSKALV,-0.042549556, 5000-10000
AVDPKKGDLGVIAP,-0.196058722, 50000-100000
IEQNATAS,-0.055196031, 1000-5000
VAEGLESAPKAL,-0.166738072, 10000-50000
AAKGPGSAPVVLE,-0.208688704, 5000-10000
VTISGDVDTKA,-0.086969266, 1000-5000
ISTKLIDQL,-0.035734793, 5000-10000
LEILRAHAQ,0.02520971, 10000-50000
AGPRAPPCAPSAPC,0.256262618, 1000-5000
FATGMENIRD,0.065811561, 100000-200000
VLAAGQPLGEPVVQHGPF,0.415297328, 5000-10000
LVESMHPSLTP,-0.135855958, 10000-50000
LLKPKKSEE,-0.158908588, 1000-5000
ELPEAGQ,-0.165623096, 10000-50000
MLAIASNSSSA,-0.06012842, 10000-50000
EAVEAGRKKLY,-0.10425597, 10000-50000
FGVASPVYTRTPIM,0.32619386, 5000-10000
AEQRGAEAEATPHGSAR,-0.037678454, 5000-10000
AGSDYEIVPINF,-0.048919729, 10000-50000
DGRAQLLQSGVQVPQLLGSL,-0.037715342, 10000-50000
KTAVVAGNHH,0.390910656, 1000-5000
PRGGTPPEPLF,-0.055288748, 1000-5000
TTVHATGMAENNGKKVSSL,-0.081270468, 50000-100000
VAAAVNKAGLAKL,0.393723459, 5000-10000
YDSGKARAIGVSNF,-0.046672045, 10000-50000
HTLLTSPMVHP,-0.061470051, 10000-50000
TADLRDT,-0.159705745, 5000-10000
LLRTQPSAAHQ,0.167357298, 10000-50000
IVQATRAPSGSF,0.054447118, 100000-200000
IIDYKPTSAN,-0.243642153, 5000-10000
VDVSRNAFPGNRPVPAKEGLASIL,0.145224615, 10000-50000
ATASGGGGGFSGGGGSNMLRF,-0.072360243, 1000-5000
FRTPVDL,-0.099658341, 10000-50000
RESTPVDAQR,0.144845437, 50000-100000
LAVNATKHAMYL,0.048137096, 5000-10000
GVKENPAAANSAESDGLGRFA,0.449350609, 10000-50000
EVLLTGSGATADLVKL,-0.132420459, 50000-100000
VRQAGLVGTATGL,-0.083589501, 1000-5000
TTRTSRSVAA,-0.168250709, 10000-50000
AVMSWNVTR,-0.080445525, 10000-50000
SNVPESTVYGGPRPQ,0.2412311, 100-1000
QEKGNSLKMASV,0.522186452, 5000-10000
KGDNGIDADEI,0.17077978, 5000-10000
VFAPFFAAHGGLI,0.05861581, 5000-10000
ARSSSQSQSSVGAGAGAGARPATVGPR,-0.067963171, 1000-5000
AEEEPEKYQSHFSAY,0.071070147, 5000-10000
FEEHKDADGAERF,-0.12027944, 50000-100000
IARAEPKAREL,0.243594424, 1000-5000
YYKNLLAGRGLLSSD,0.25278665, 10000-50000
KGETGTFTLD,0.00678979, 5000-10000
VEEPHAAAFAEELAKFA,0.071897098, 5000-10000
EPAAAAAEAGGQGREAGGGGGA,-0.128649969, 5000-10000
IVGANILAGGAFDG,-0.293995955, 50000-100000
GGDGRPGVLPVHVPHVQAGREEP,0.225321154, 10000-50000
AGAAQQQQEPP,0.162121805, 5000-10000
APAELAVKTVEA,0.169395364, 5000-10000
DVAAAAGGAAATGASLQ,0.094413135, 50000-100000
IGQRPHQQLPTTAADY,-0.166032373, 50000-100000
MSAALSTELRHKY,0.081677669, 50000-100000
SPAAPGAATVGRVLG,-0.12954135, 5000-10000
TDGGATTPAGLIAASLAHALAL,-0.123988196, 50000-100000
IGMNSEPKPSVFQL,0.026520014, 5000-10000
MVEEEITEGLKNL,-0.18555143, 5000-10000
ALNGGVAEEEQVPITHPA,0.235525606, 10000-50000
QEFSHKGDATAFTNA,0.238783317, 10000-50000
SPAAVAREDVS,0.201064101, 5000-10000
AATAATPKSAPTST,0.252336489, 50000-100000
APMKLYGAVMSWN,-0.001970216, 10000-50000
AAVAAVNAHDLAAHLAGVD,-0.060335557, 10000-50000
EGGPPQLRI,-0.166735737, 1000-5000
IEAGRKFHGVNTPNSTQ,0.125785772, 5000-10000
GAPPPHPPTYA,-0.056476168, 10000-50000
GIDSSAGGLKAARVE,-0.035776215, 10000-50000
KNEDSEIL,-0.007298928, 5000-10000
QDVLQCAVYDSDKPSARLIG,-0.169602719, 10000-50000
KNEQNGLAALVEEISL,-0.194051336, 10000-50000
DFDEPGHLAPTGLFLGPTKY,-0.015276971, 50000-100000
KELQEFSHKGDATAFTN,0.326763514, 10000-50000
LDDGAEHEVEDAPAELAVKTVE,0.100181281, 5000-10000
LVTDEATVGR,0.081981212, 1000-5000
VAAAEQGAATNESE,-0.049027271, 1000-5000
AGPNSVKTVSIGQIL,-0.005630031, 10000-50000
PIIASGVRGVTSN,-0.071264979, 5000-10000
SLQLRKELEGSNAQKS,0.621937057, 10000-50000
NELMAAAAEERGEVEEGEEQA,-0.112330155, <100
VVKPESVHAGATLEVPSEEILSKLK,0.283029891, 100000-200000
VEQQQDTPKLFNRWTFDD,-0.03430617, 5000-10000
VIVIGMNSEPKPSVF,-0.004197334, 5000-10000
IAVSTRY,-0.116435886, 5000-10000
LVVASGENAEKFL,-0.11233061, 100000-200000
ILGQPVPLTLWL,-0.098212927, 10000-50000
ENVSATDLSLGPKLFHLQ,0.496424646, <100
GAPVMPIYLVT,0.208737749, 100000-200000
IEIANKKSG,-0.163366301, 50000-100000
LLLEKEVLHQDDL,0.004367015, 10000-50000
SSSQPATLTTDPFRWRWC,-0.074962839, 10000-50000
MYSPVYRSY,-0.008630999, 10000-50000
KPEMPVL,-0.0511534, 50000-100000
GSGSGSGSFNLR,0.54173864, 10000-50000
VQSAGVPLQL,-0.077835375, 5000-10000
LVFPARDGSVLCSS,-0.079741983, 50000-100000
LSLADLNHVSVT,-0.000560719, 10000-50000
FMTITKST,0.049090056, 10000-50000
QWQWQAGGDGGQPVP,-0.027337609, 10000-50000
RSPLAAALATT,-0.072061899, 1000-5000
NAAAPQSSATSTPPPPT,0.146245903, 50000-100000
KMYQGAGADMGA,0.274588102, 5000-10000
KEVIPDPDH,0.026444192, 50000-100000
LLLKPKKSE,-0.170631341, 1000-5000
FGTPGLKSIINL,-0.110289023, 1000-5000
AAATEEQEEERLRYLEF,-0.102496896, 1000-5000
APGGGGYIPRSDF,0.484981252, 10000-50000
DEDAPAAGGSAAGPKIEEVD,0.247855564, 5000-10000
EDVGHSNTARAMMDEYL,-0.158721532, 1000-5000
FEDVGHSNTARAMMDE,-0.162480138, 1000-5000
FLGGHSSPVISL,-0.045822156, <100
ILAGGAFDGASMNPAVSF,0.478207523, 50000-100000
ISAGKDAESAY,-0.061827737, 5000-10000
LTFLDPAL,-0.099958862, 10000-50000
PKNSASSGKSSGFGVC,0.27885166, 5000-10000
QREAEELQPVPMVVEPEHGEESAGSHDHHLQLQ,-0.007604364, 10000-50000
VQLEPENTEL,0.086296674, 5000-10000
YYATDLDKNKNKTPNDN,0.256103804, 5000-10000
GDKGGAPADFQPSFR,0.513733603, 1000-5000
AQLRAQAVQA,-0.106224609, 5000-10000
GAAMAGHVLGGVKENPAAANSAESDGLGRF,-0.054193463, 10000-50000
ISLNDYLAVNATKHA,-0.058209364, 5000-10000
LEEEEDNIPK,0.435525134, 5000-10000
FESTEGIKEY,-0.067537717, 5000-10000
KAVGAKVIID,0.305622948, 1000-5000
LQAAGKEGIEGPSLVQRDHDV,0.114842809, 50000-100000
MKQMGSKEMSGMFGGMGGER,-0.037399635, 100-1000
QKIEDQKGKV,-0.059741175, 100-1000
VVYSPIDKL,-0.052315713, 5000-10000
WLDSAPTSVLEKL,-0.078127059, 50000-100000
ASPSGTSPSSCPSSPSPCP,0.112157441, 10000-50000
GAKVGAGSVVLID,-0.083920714, 10000-50000
STATESPKVLE,-0.127883539, 5000-10000
FTDVPLRDD,-0.058404846, 10000-50000
GALATGNTSFK,-0.058443942, 10000-50000
IVVLPVGSVVTADYRPNRVR,-0.191415855, 1000-5000
LKEMGSQIREED,0.478145679, 10000-50000
LRGADLSLANL,-0.051022367, 10000-50000
VAAAAGAAGTAAIM,0.305898677, 10000-50000
AVAAEVGGLNIAND,-0.137520803, 10000-50000
LAPPDVTI,-0.047383841, 10000-50000
RRMALMYHPD,-0.046062095, 5000-10000
KMVLISSVMWI,-0.196723126, 100000-200000
FFNGVIPLPSNSRV,-0.046042573, 1000-5000
GAFVGGNISLLKAL,0.190176645, 50000-100000
PSALAPSQA,-0.140919235, 1000-5000
AARRRALPTELR,-0.072795823, 10000-50000
MANIMKDFDEPGHLAPTGL,-0.067811855, 50000-100000
GALIGSPTRI,-0.078122652, 5000-10000
SSESMSNLTKLRR,0.013860074, 5000-10000
EAEASGCET,-0.035615989, 5000-10000
AANNTDDLATP,-0.072877017, 5000-10000
GSKPVSEGPILVR,-0.078324057, 10000-50000
PVSRIAVGAPGELSHPDTAKAAVAEFISM,-0.297968364, 50000-100000
QRMAEEAADAES,-0.087855508, 5000-10000
MAKFNGSQ,0.468346633, 5000-10000
AGAILVSAK,0.473599312, 5000-10000
SVILPVQVRGQVV,0.523047387, 50000-100000
NKLTELKK,0.37703332, 5000-10000
VTAGVKNL,-0.277296629, 5000-10000
KIASLEAYCS,0.075795973, 50000-100000
LFRAFGPVSRVY,0.147332257, 1000-5000
GAKIPAAAPSFE,0.139062517, 5000-10000
LAKITGTGPYGRITPAD,0.102875229, 1000-5000
AVLDGGIPFNKA,-0.165035718, 5000-10000
LEQHAMGSERV,-0.081980307, 5000-10000
YIDQGGVDGHY,0.321833308, 10000-50000
SLRDTGALL,0.061507542, 10000-50000
PASGWGRAVGNTRSF,-0.057988333, 10000-50000
LEYVKNVQPEF,0.171912099, 1000-5000
FQAVALLT,-0.143776001, 50000-100000
QINNLKVMI,-0.145837498, 10000-50000
KVRLQAEGK,-0.095697661, 1000-5000
SAFAPSGRSPGGYG,-0.121968726, 10000-50000
VAVDQKTGSSRGFGFVNF,0.299751827, 1000-5000
AVAHRLGAVPAGEASVF,0.214503829, 10000-50000
GTVVLTPHRGQ,-0.07879044, 10000-50000
GFSSSAETRTF,-0.092707826, 10000-50000
EVLQKEAGGGKAALAPEE,-0.201826398, 5000-10000
GVLTVTVPKDNDRKAY,-0.118612059, 1000-5000
MIMLAHNPGGKERY,-0.266358938, 5000-10000
ELVHEKIPATL,-0.005175609, 10000-50000
FAQKAPNYGGL,0.554459167, 10000-50000
GLLDSLLGRNKHDDQ,-0.116360845, 50000-100000
LASSSILPMTLKNA,-0.22368023, 5000-10000
LRLSDSSGLLQASGGATD,0.048303, 5000-10000
TDYGKGEREAQWATAQR,-0.232931017, 5000-10000
DTVVNANNI,0.024778759, 1000-5000
VSSPDGKKGLLG,0.05900327, 50000-100000
LGTVVGGTPSSPRMASF,-0.057730355, 5000-10000
TQSAADQGFHLT,0.184586644, 50000-100000
NKLVGAKF,-0.006854252, 5000-10000
TALANIKAAK,0.201579303, <100
AIVKNAKVED,-0.093099087, 50000-100000
VGIYDVPHF,0.012791778, 10000-50000
AVVPDATQQLH,0.094459865, 5000-10000
AKGAGFSGFKAT,-0.017518922, 5000-10000
IAETTIVWKP,0.507477304, 5000-10000
AADPSLPPPPSTF,-0.022924467, 5000-10000
VAKGVARNF,-0.058668458, 1000-5000
LSLGFAPAVK,0.180700153, 50000-100000
VVGGYRVPKKQKATS,-0.088871749, 50000-100000
IVKVYPLDA,0.189102079, 10000-50000
EGLLPAGGGGIRSASKA,-0.0792689, 100000-200000
VMRPGTINGMQQQ,-0.067088492, 1000-5000
STEKAVGAAAVVGSHTAKW,-0.083403695, 5000-10000
IRTSASPVATIVFL,-0.052513521, 5000-10000
AAIGFGLSKDAF,0.167009001, 10000-50000
DRILSQQGEMATKG,-0.087424309, 10000-50000
KSLSGLVGNDLRSPEK,0.316517042, 5000-10000
KAVADDAPPAPGAPV,0.175331245, 50000-100000
DIKGFLLPAK,0.233822579, 10000-50000
ADLFDKAANSFKL,-0.128432243, 50000-100000
APAKLIDGKL,-0.052560751, 5000-10000
AVLAIGNDDRLNL,0.047146584, 5000-10000
RELAKGAGFSGF,0.025089448, 5000-10000
FKIGVGNL,-0.072861261, 50000-100000
FQAGAPFNQHL,-0.141371123, 50000-100000
ARDAATLVSGSGDR,-0.086712476, 100000-200000
TSSSTTMRPGWQPIRT,0.106493197, 1000-5000
DPISVAQQF,0.063647153, 50000-100000
SISAAPIRVINLL,-0.119453613, 5000-10000
AAREFAKQGVNPGE,0.032521225, 100000-200000
APEQGSVAEKYTF,-0.049245475, 5000-10000
ARGNSSSIFIRG,-0.075626313, 5000-10000
AVAEKIKRY,-0.049951169, 5000-10000
DAAAAAAAPAVHAPPPPAPHAEVD,-0.094038769, 50000-100000
DIVHPAAKILVD,-0.106790928, 10000-50000
GDNDPASAKPKFGSY,0.063117443, 100000-200000
LEQGRDAEVDM,0.093467077, 1000-5000
LPHVISEAPPFPGVRHVGGDM,-0.114289481, 5000-10000
LQVNQTEPVKKF,-0.143916094, 10000-50000
SKYGSPKIVNDGVTVAKE,-0.073369157, 5000-10000
TDRPPTSDGPPAPGGPAKGAY,0.226297304, 1000-5000
VDSTLPVIEHY,-0.251972825, 10000-50000
VMPISSGGDHHGAEPLLPEKQR,0.14905651, 5000-10000
VMVVLKGSVPMAFGGTQ,0.198495699, 1000-5000
VQLGISMQHL,0.052173366, 50000-100000
VVVAHKHAGVF,-0.090227777, 50000-100000
VVVGVIDTGVYPKDRASFAA,-0.049336647, 5000-10000
VYDDGEVWKENREF,-0.066368962, 10000-50000
SASKAAASAATQPLL,-0.090305586, 100000-200000
AAAYPASRVF,0.514360294, 10000-50000
FLPYAAVLGHL,0.247338178, 5000-10000
GFKDQPVIIGL,0.238579865, 5000-10000
KPALALVY,-0.057459076, 10000-50000
AAWTGENSPSELDSDTRRVKF,-0.097115052, 5000-10000
GFPGGMPGGGFPR,0.276947546, 5000-10000
SVAREQGGTL,-0.095521794, 5000-10000
KDSMSIL,-0.077933212, 1000-5000
TDKTKLDAQPEL,-0.076878861, 5000-10000
KLNHALAQG,0.799106015, 5000-10000
ILRVEWATPRPN,0.049214554, 1000-5000
YSIGQLKEFEGKKL,-0.100322305, 5000-10000
QVLNPVPLIGF,0.069074193, 1000-5000
SLNPVLDNVLHF,-0.050023845, 10000-50000
SLAQLGKYTGDGEAAAAKE,-0.249532961, 50000-100000
EEVDYYPSRH,-0.119794235, 5000-10000
VDLSQHYPRY,0.320255603, 1000-5000
APSPTVTKKSGTEGKKTPN,-0.042758797, 5000-10000
AVIAAIPPPPRY,0.087189611, 1000-5000
DWKETPTAHVF,-0.0387969, 1000-5000
GKVKKIFAHCLDT,-0.039655306, 50000-100000
MLSNVATQAGGSSADLK,-0.006743155, 50000-100000
PGDHGSKGDISF,-0.037217265, 1000-5000
TLLDVLHEGEDIDNPLSWNARLQI,-0.075021301, 10000-50000
VATFPLKLY,0.09437539, 100000-200000
VFVPRTKEALPWYAPYVHGSPAGRL,-0.257044559, 1000-5000
VGNLDARVTSGELEDE,-0.008254184, 1000-5000
VQPYRLKDSG,-0.036858631, 10000-50000
APASGGCRCRRPR,-0.166055586, 1000-5000
KVMTMTKRQQQ,-0.050567995, 1000-5000
AHLAAGDVY,-0.116727654, 5000-10000
VAEPDHKEEGHEAA,0.487827704, 50000-100000
YVTRMKEGQNDIF,-0.099831451, 5000-10000
AAKELHFNKD,-0.197059762, 5000-10000
FRRFAGGAPEVARSE,-0.153226838, 5000-10000
PVVSQALGGAGGRSAGAN,0.387586455, 50000-100000
APAPSSSSTSAASPPS,-0.050785801, 5000-10000
KGSVPMAFGGTQEPAAYGEL,-0.165765701, 1000-5000
MEGKPNPEVDNYL,-0.029615483, 5000-10000
LLGAATLH,0.689443803, 10000-50000
WDSTSLVPS,-0.116805143, 50000-100000
ALTVGPRGPILLEDY,-0.160882491, 5000-10000
AAGGDDTTIAQVHSGID,0.818392477, 1000-5000
ASVGLDDLKAS,-0.090394702, 1000-5000
VEGKAQGLGMMGL,-0.028854616, 10000-50000
INSPVSGEVVEVNRKL,-0.163887076, 5000-10000
SAENEIIHTL,0.004429599, 10000-50000
GAVLSVSVY,-0.099948334, 5000-10000
LVLGGGTGPSSVLRGAGA,0.287820711, 10000-50000
AGGAPEVARSEAIK,-0.091176875, 5000-10000
DARVTSGELEDEF,0.025997846, 1000-5000
DERNTQQHQGGEQAQDQENEVKDRGLLD,-0.098440037, 50000-100000
KASVAGDTVSSLLEAS,0.155675573, 5000-10000
LATVKAAI,0.490112669, 5000-10000
LTSGFSLDDPNTFGSRIHRM,-0.082277557, 5000-10000
PATMKVLGLVPGLAL,0.209693602, 5000-10000
QGDGGILCGALPG,0.323553037, 50000-100000
TTLTPSFLRLSDSSG,0.489556964, 5000-10000
YDKMNHY,0.647593682, 10000-50000
LYKGPTIFGPGGGGG,-0.077328078, 100000-200000
LEINRLLNAHFPKN,-0.135164573, 5000-10000
VPAVADPGTER,-0.086837997, 5000-10000
ASEGLAFCDVTL,-0.035164547, 10000-50000
ELSELAEQAAKRAEVARL,-0.063523768, 5000-10000
LEAYKLDPENPL,-0.209702673, 10000-50000
VASCLTELNLMHKSRKFL,-0.04306397, 10000-50000
QRAVGSTWISTGRHCSSDE,0.375439614, 10000-50000
GTAGTRSGKQAAKETGGAGAAAAAAGR,-0.0336324, 1000-5000
MKTVLPMISLTSTH,0.539066607, 5000-10000
GAAGSSSPTGSPSAPTTS,-0.072846535, 50000-100000
SPAPSAPPYG,-0.065703462, 5000-10000
QALEDSDSKKED,0.194702391, 100-1000
FADSLGHPKVSQ,-0.105329549, 5000-10000
YQFDPTPVAKATWREARE,0.493810461, 1000-5000
EDERNTQQHQGGEQAQDQENEVKDR,0.109258411, 50000-100000
DAITGSYQLVF,-0.223456465, 1000-5000
EPEASSSLSEVATPED,-0.278350799, 50000-100000
SVSSSSSSSAPPVPR,-0.158732371, 10000-50000
GSGDREGLLPAGGGG,-0.062646124, 100000-200000
MDVDPEFRF,0.295779076, 5000-10000
LSLAHNSLDGPIPESLTKLTKLQQLHL,-0.16516506, 1000-5000
ETGAVLTLQ,0.350248118, 5000-10000
VDDVADNKAIGSHGAVF,-0.129571675, 10000-50000
FVNSFAKAL,0.58820635, 5000-10000
EALKNGEDAGL,-0.139462478, <100
VLGGGPLGAIIGRY,0.234431877, 10000-50000
AGFLEYMQGGAP,0.478336119, 50000-100000
AAVHTGVR,-0.009913461, 10000-50000
QFPLADAAASV,-0.058870596, 10000-50000
AAQAHGEDNSIQGM,-0.109330946, 50000-100000
AVGLALHSAL,0.028722068, 1000-5000
FQAADRDGSGMIDDK,-0.261365003, 5000-10000
GAMFGSGRGQGGMDL,-0.121491937, 50000-100000
HDNAIAGPVPSSLGFLPDLRGVY,-0.132963469, 1000-5000
VSIGGLNPDVNKKLSAGIASILESKLSVPKSRF,-0.133325982, 1000-5000
KKCFSCSLCHFI,-0.051973844, 1000-5000
TSRASLLLGLGPG,-0.074202695, 50000-100000
ADAARNAAAAAARQQ,0.070964735, 50000-100000
PACSTGPTACSLAGPTPR,-0.08579728, 5000-10000
ALDRLDPDDIEAL,-0.092569601, 50000-100000
AIHYLSKAGVTA,0.01550937, 10000-50000
IMHPGIAAGSATLAG,0.031118981, 1000-5000
SAAKAVEDKLDE,-0.05906761, 50000-100000
AGIFQVRR,-0.057244348, 50000-100000
AAVAVDGDRGSQYA,-0.070046345, 5000-10000
AAVSKNMVESLAVPAFRVGYPIVTDKL,-0.228305654, 1000-5000
MRGGDVTAAEAGSPR,0.153050073, 10000-50000
AQYMPLDSQGDVQSHAHHIEM,0.110206059, 5000-10000
TDGTGDHHGW,-0.044926841, 5000-10000
SIMDEDHTLANSARF,-0.054719694, 10000-50000
EAIARQSINNNL,-0.109856957, 50000-100000
AEQMQVTLAPRSF,0.919305908, <100
VLRASTTLGH,-0.130129124, 10000-50000
AASMDEGDVAKFTDA,-0.106791158, 50000-100000
AETFGTEKADAAKAALTSA,-0.10061371, 1000-5000
AIDEYSIGQLKE,-0.081461593, 5000-10000
DESKAEAEEGGAEGEQDGDGSKASKKVD,-0.114296266, 10000-50000
EEAAHDLHTASNMDY,0.56672831, 5000-10000
EIKSVLLQSAGFHGGVMP,-0.045320941, 50000-100000
ELNNNIRRVVGL,-0.061962032, 10000-50000
HEEEEEEATTAPQ,-0.141779103, 10000-50000
LARFGFAPADVTVL,0.725351944, 5000-10000
LDIVHPAAKIL,0.577341737, 10000-50000
MMTHEWAAN,-0.116181881, 10000-50000
NMVPGESVYGEK,0.970740433, 50000-100000
PELGTQVLIPVAA,0.779789364, 5000-10000
PKQIYEIKDFLLTA,-0.048749723, 1000-5000
QEIDPTFSGTREYKLL,-0.078894266, 50000-100000
SDVGTGAGLFEVKKIGDEF,0.018852295, 10000-50000
YGLTTDNIKGIL,-0.230479178, 1000-5000
YNLSEAIWGEKAM,0.034636926, 50000-100000
QAAPPTPLPPRP,-0.111616113, 5000-10000
NLRQLTSPESEK,0.255597962, 5000-10000
IELLEAVSPAKE,0.107070041, 5000-10000
ADRSALSRPESL,0.359498152, 1000-5000
EVVEIHAR,-0.103722201, 5000-10000
AGAVVATVALL,0.100838587, 5000-10000
KHGFSMSL,-0.102478673, 10000-50000
QDPGQGRHSPGP,-0.013787563, 5000-10000
ARALGNKQSGAAADAIVEPDVTLSQ,0.293606203, 100000-200000
ERVLGAPPKVAELPPPPSGGENI,0.084877387, 1000-5000
GAAYGGQQPYGGYR,-0.0850521, 10000-50000
LAKLGPTGSNSHITTRVMGTYG,0.143915282, 5000-10000
MAAAIRNKQDVFSL,-0.064524978, <100
MTTAFNVDSAGDVIRD,-0.035516518, 5000-10000
NPAFDVTPANLITA,0.030404177, 10000-50000
QTETAGAGTRAARSLLDSPAPG,0.115469106, 5000-10000
RAQPPVADVQ,0.163170167, 100000-200000
PHVLPDDDDPAA,-0.049174922, 10000-50000
LQCFVLCSLFFVYTISPI,-0.037310646, 10000-50000
VARASAYADEL,-0.180853869, 50000-100000
DNEALTVGPRGPIL,-0.109638906, 5000-10000
GAMNFMHRDEE,-0.109136409, 5000-10000
VEEAEAPAPAATLVLD,-0.099437455, 10000-50000
TGMEKVTVAEPDHKEEGHEA,-0.017771994, 50000-100000
EENAIREL,0.26839854, 10000-50000
AVDVDGAATQYR,-0.053541248, 5000-10000
FVPEKEVT,-0.170565339, 10000-50000
KKDEELEKQ,-0.049775714, 5000-10000
LSGQIPVQGVF,-0.118199831, 10000-50000
KNAVASASAAVEA,-0.075540998, 100000-200000
DPSNNAAIPK,-0.113473197, 5000-10000
QEHSHLGWVTVHAAL,-0.00855452, 10000-50000
ARHDGAVAVW,-0.061956849, 1000-5000
FAGGAPEVARSEA,-0.095477328, 5000-10000
VASVHETPVEPVVTF,-0.07771992, 50000-100000
APPPPAPHAEVDVSSPDGKK,0.257750043, 50000-100000
SAAMGPAAEELL,-0.09393261, <100
QGGGGSSSAADSGLVAR,0.259286537, 1000-5000
QPITMKDPT,0.0442242, 5000-10000
TDNRADVLS,0.619078195, 50000-100000
EKLPGGHKKPEDAAAAAAAPAVH,0.109405627, 50000-100000
SPEKNAAKPPESDGHV,0.197682456, 5000-10000
STMPHYHAVEA,0.485865603, 1000-5000
ADLGHLAYSHA,0.274704357, 10000-50000
SGGGGGGGVTIWLD,-0.106174439, 5000-10000
DIEQSAFNYTNTTNR,-0.06657972, 10000-50000
FAKSGHLQE,-0.103521925, 10000-50000
FVNSQNTVVR,-0.088911705, 50000-100000
GAPQQQPPYG,-0.15106759, 5000-10000
GGYDNDRYEGSYG,-0.127638793, 10000-50000
IHGLPSQGDYA,-0.416137461, 5000-10000
LALPKLGDTSLKIK,-0.150003397, >200000
QTFLIQAP,-0.067656896, 5000-10000
VCALLSGGGYAEK,0.184111967, 1000-5000
EAAALKEMC,-0.256117722, 10000-50000
KTIRVPVGMSMLE,-0.189189412, 1000-5000
FIRAGSLPSF,-0.068001914, 10000-50000
VDLEASPVFRWL,-0.187531481, 5000-10000
LSDLDLDLTS,0.132728666, 5000-10000
ILRPDATY,-0.10373278, 10000-50000
IVEHKFTDTE,-0.104425138, 5000-10000
TPHPAKGKTIVN,0.108792983, 5000-10000
KPSNQRPAIIVKS,0.095658758, 5000-10000
ISSFDINSEEGK,-0.022992752, 100000-200000
VLHQCCP,-0.069142315, 1000-5000
AIVGNAAPTAACCARLKAHPA,0.412841898, 5000-10000
LQFGGFKERL,-0.158096512, 5000-10000
SFLKSESISASK,-0.13487066, 5000-10000
ISLADDSVLERL,0.009482901, 50000-100000
AVPSFMRSAF,-0.115766631, 5000-10000
AMDPVERETL,-0.119027707, 5000-10000
SRVLSQQMDY,0.844819566, 10000-50000
FGEKPVTVF,-0.066968195, 10000-50000
GGRAHRPRGPAAAVAPPPVQ,-0.061217281, 10000-50000
LVLGAGFLALT,0.012455591, 1000-5000
SILESVSHGTKL,-0.229778215, 50000-100000
ADALAFASEAL,0.138077405, 10000-50000
ETAVLEESSR,-0.091906145, 5000-10000
MASVGMK,0.046060953, 1000-5000
IAVEHRKDVDSA,0.153347367, 10000-50000
VAVSVQIPTATTTPK,-0.107176459, 5000-10000
NGANVAGDDPFARLY,-0.286875589, 10000-50000
SLLASKAAPS,-0.0900231, 1000-5000
GAIIGSSPPTA,0.022660703, 1000-5000
IAAEYSGIKVE,-0.052487881, 10000-50000
LMLKFTFT,-0.16051121, 50000-100000
APAPPPFS,-0.204814475, 100000-200000
ISAQLPSRRGG,-0.032273391, 10000-50000
KSARLDLFPAAPGASVTAR,-0.037434064, 10000-50000
LAQTSSPDNPQLIA,-0.052422471, 1000-5000
AGGALLAGAPVERQ,0.634194803, 1000-5000
LEKRNVED,-0.11649247, 10000-50000
SRPEPAAEEGGGYGSGFG,-0.274315795, 10000-50000
FRPQQEQQPSYG,-0.040181878, 10000-50000
MERRDKKLVEQSSGN,-0.119182288, 5000-10000
AVLPLGIIGGML,-0.137640312, 5000-10000
AASHDAATGVRSPTSGGQML,0.187588432, 10000-50000
EEQPKYQSGGYERPSYG,-0.191902492, 10000-50000
KEMSSASDLTDA,0.57249558, 1000-5000
EAKKSGPAAAGAAAP,0.337607414, 5000-10000
RVAVTRSDHDM,0.21357342, 5000-10000
EMKPGMLSH,-0.07689332, 50000-100000
LGGPPAVEFNAEPTDAR,-0.177675502, 10000-50000
INRLATMK,-0.0248157, 50000-100000
KHTETIST,-0.285452593, 10000-50000
AYYERPR,-0.071740392, 10000-50000
AAAPAGGAAAAAAPAVEEKKE,-0.078245105, 10000-50000
ERVIGNKHGDGNTGDKL,-0.124009406, 5000-10000
QDLVQRTIA,-0.117592067, 1000-5000
GPTVSPPPMF,-0.066598532, 10000-50000
DQELLEQLP,-0.044407066, 5000-10000
QELQYTVAGG,-0.070722499, 5000-10000
PGDSDIISTTPGTQ,0.291763989, 5000-10000
DTDGDGRIAPSELGVL,0.076722181, 1000-5000
RSDGAAVALK,-0.074690086, 10000-50000
EFEFEKR,-0.157368157, 5000-10000
DDVGVAGLGGETEAHPYVSF,0.163807631, 10000-50000
SGPLHATSGLQHS,-0.008336921, 5000-10000
LEQINSHTSKQ,-0.014571546, 1000-5000
DDDVDSFLPDDF,0.135054268, 10000-50000
VAERSAAEAKEAGVE,0.189190742, 10000-50000
DAVGHENRF,0.186337254, 1000-5000
GGKDLTEDQIASMREAFSL,0.079939553, 1000-5000
MANEANEYRALFS,0.910468215, 1000-5000
FELVGDAAVA,-0.083721496, 5000-10000
QDVLLPGGI,-0.146760567, 10000-50000
QPNSAVNGVGV,-0.06075383, 1000-5000
LANNEREPIAQPISKL,-0.081316214, 5000-10000
LARTPSPP,0.263134372, 5000-10000
TSLSAPAPAPA,-0.104751091, 5000-10000
NLADCAVVIEEL,0.381908788, 10000-50000
TVGSKELSAL,-0.095057597, 10000-50000
RPRGGAVEEADDF,0.426310401, 10000-50000
SAKQAPIHVE,-0.028393216, 5000-10000
PVLVSAHNNETAR,-0.010933964, 5000-10000
NVNTEVRNSY,-0.147144156, 10000-50000
FDTDGDGRIAPSEL,0.200397904, 1000-5000
SAVAAAAVGDDEGAPVTPSYIHPAK,0.117952346, 5000-10000
NGYEPVPSSGKTSQ,-0.048369412, 50000-100000
AQDHGRGEQATGGGPAVGAA,0.487641118, 50000-100000
DARPWWTPTSSVNF,0.303869454, 50000-100000
LFVADRAILPLL,0.177553473, 1000-5000
LVIGSEPPFKLKGLW,-0.056625734, 10000-50000
LVTALATSH,-0.104374174, 100-1000
LYRWAGDANTFDG,-0.051364524, 50000-100000
NGGGGEVEPSRGKPPVT,-0.026076923, 50000-100000
PLQVALLLV,-0.012612726, 10000-50000
TEEVPFMETR,0.01942609, 5000-10000
VQMSAVRVDL,-0.112402323, 5000-10000
WRGTGDSASIFIPGWQTM,-0.041364014, 50000-100000
YSTKKAPIGVDF,0.217743566, 1000-5000
SGYGGQTRPEESYG,0.27514492, 10000-50000
KETCVMRN,-0.16567177, 50000-100000
RSKTNMAQII,-0.069428834, 50000-100000
EAEQSALEEQQAAAGSQLRR,0.808844821, 5000-10000
IETLKGSATAEGKGGKEEEEGR,0.177173264, 1000-5000
TEITADAYRVPDD,-0.087153259, 5000-10000
VFVNGGLGPKTVL,-0.037654251, 10000-50000
GLLQGSSVAKH,-0.045521956, 5000-10000
LAFDPKERPSAA,0.42507767, 5000-10000
NTNSGVEIASESPR,0.425948912, 5000-10000
IQAGLLTDSK,-0.048792171, 5000-10000
GYERPSYGGGEGYY,0.508161838, 10000-50000
RKPQVEESYG,0.179994946, 10000-50000
GAAGEKAGAAAAAAAE,0.356429419, 5000-10000
ASPHAAAAGQKPS,-0.180348198, 10000-50000
FDCAVCLCEFAGEDRLRL,0.078490977, 10000-50000
TGAPSRPLP,-0.094630557, 5000-10000
AAKDKKAPDSSTTAAVEAPPVGKQ,-0.155713504, 10000-50000
ESGELDMTSLHI,-0.167321332, 50000-100000
GLDINTIQHN,-0.099075662, 50000-100000
ITSEPDPVETQNDDAAK,-0.215111685, 5000-10000
MLSTNTGGNTNESPRGYKDDGSSPETTRDG,0.154195743, 5000-10000
SLDSLIHGP,-0.145870687, 10000-50000
GLVDEEAIPKYE,-0.161465416, 5000-10000
DPALAQALV,0.206837768, 10000-50000
GRTGWIGGLLGGL,0.184201352, 10000-50000
ASGGKGLNATGEFF,-0.110090527, 5000-10000
EGKLEDLPPA,-0.016726418, 10000-50000
KLSIAVAK,-0.254603861, 10000-50000
IDAAAPTHVF,-0.104798987, 10000-50000
LQQDPGLARQILSM,-0.053327668, 10000-50000
EADVSGDLSGLTDKEL,-0.104908847, 1000-5000
LANQEKFHAGADKQY,-0.283570165, 1000-5000
MLQGGDFTLGDGRGGESIYGLK,-0.14628556, 1000-5000
VEITEGRHPF,-0.187190361, 100-1000
SQNSASATRIMDLL,-0.115733529, 10000-50000
SAKATPGKKAPVA,0.133202486, 10000-50000
FNKAGIHFS,-0.050351882, 10000-50000
IQEFRQLLISIP,0.346124173, 10000-50000
VPQSTPMSI,-0.242112731, 10000-50000
KPEDGNPRRIIR,0.471788291, 1000-5000
LGVAIISVPLATKF,-0.140782931, 10000-50000
VQVAPPQAGEVRVKIL,-0.116713483, 5000-10000
VADGVSRDKILTNY,0.440153406, 5000-10000
KNSAVETFKE,-0.112911511, 5000-10000
LSKKPGFAGD,-0.137553364, 5000-10000
DGGGSTFRFPGFY,0.312905647, 5000-10000
APSQAAAVVAGPTFEDL,-0.09199856, 1000-5000
VPAEAVKEKEAAAAAAAAGEGAQEN,-0.049664427, 5000-10000
QNVVVPVM,0.096301381, 10000-50000
AAAPLAAADEKAKAAE,-0.072116973, 5000-10000
APAAATAAALSRALAAA,-0.065884161, 5000-10000
APLHALGFEM,-0.075717369, 10000-50000
APSPFGMPHSNGDLHD,-0.213865492, 5000-10000
AYAPSPFGMPHSN,-0.201746084, 5000-10000
DISKPTPVASGDEAAAAAKGR,0.411610449, 10000-50000
EAAAEAAAVGGEA,-0.081643948, 5000-10000
GSAEQASAPVPALKF,-0.079765497, 10000-50000
IGAARIQEL,-0.197885107, <100
IGETAHLQNDPPTY,-0.198527156, 50000-100000
KETVASHPVVVF,-0.052230015, 5000-10000
RQLPDDTNTY,-0.059070227, 10000-50000
VAKIATLVPPLPERGGLF,-0.079732953, 100000-200000
VISTKRQPLGPKPVF,-0.078028524, 5000-10000
VPVVIPIAAEHEDL,-0.106750495, 5000-10000
LVGEAAYNRL,-0.102887459, 5000-10000
PVVARLAADA,-0.036139874, 1000-5000
YRPSGDNHH,-0.171339169, 5000-10000
KTGAAVPQEGALE,0.150752681, 10000-50000
KQETPDPP,4.24E-05, 10000-50000
VSKLPGYNSGD,0.282752643, 5000-10000
NVMSSQPSVNDSK,-0.033626302, 5000-10000
TAAQLRAYDGTDPSKPIY,-0.144439089, 1000-5000
VSYVPSSISPENRLL,-0.054124103, 1000-5000
LESVSAASPTNTAKA,0.693803133, 1000-5000
LALPEDTGVTGETKF,0.026232007, 1000-5000
EREPSTISVEVKP,-0.17582386, 100-1000
VDEEAIPKYEL,-0.103921454, 5000-10000
VVESASRKAF,-0.091796874, 5000-10000
VVKVTGY,0.013810989, 1000-5000
DKDTIMNILNRA,0.287068081, 5000-10000
APSSEESKLAAAADTSA,-0.042602207, 5000-10000
AVEIDQDLAKSETLLGSLGGF,0.14125449, 10000-50000
IVTARATATTTTPSL,-0.094545237, 5000-10000
KAKEIIASSPVDLA,-0.090668852, 5000-10000
TGDITGLGPFEL,-0.035046757, 5000-10000
SSAASTAPGTSEAATEAEKAPTTTTTEEKPR,-0.090977479, 5000-10000
QSRMIDTTA,0.078358236, 10000-50000
SGPNESPISR,-0.067826204, 50000-100000
ISELIPHEIAN,-0.249487016, 1000-5000
LAVAPVTTQD,0.05982885, 100000-200000
DSLPSSPSIGSDPWLSRL,-0.113130003, 1000-5000
AGLAITSATEAIFGHVIS,-0.156934914, 1000-5000
EIKFQAKYPVVARL,-0.093300838, 1000-5000
EKTSGASDDGGRLR,0.213370835, 10000-50000
YELHPVEHHH,-0.072562342, 1000-5000
EEERGPEDAAAAAPAPM,-0.141550288, <100
APSKPLFPVAVPAPDPSDEVVREF,-0.075388265, 1000-5000
ILEPKSVLFNEQEQKLNDSE,-0.065305497, 10000-50000
VATLQSLSGTGSLRL,-0.094017451, 5000-10000
EEEEEEEDDDDDVPQPPTKKRK,-0.196253415, 5000-10000
AVDDLKVDSF,0.239524275, 1000-5000
ETNRPDERNAF,-0.117197684, 1000-5000
KVELEAP,0.50816327, 5000-10000
GPVQSISSLSPHTSQ,-0.074985482, 5000-10000
IEAWDELNPAGPAAGKDKAK,0.01204269, 10000-50000
DIRQDASDTL,0.05842549, 10000-50000
AANSNSAAAAAAAAA,0.056407478, 100000-200000
TSGGAAGRGALGPFG,0.108214104, 10000-50000
AELKESNEQGAEIGEAESTIAEVEAVVKPAED,-0.340830747, 5000-10000
SKDEADVSGDLSGLTDKE,-0.060949356, 1000-5000
SLGGFFSKTWKPKKTR,0.033954206, 10000-50000
DSPTSSPAAAPFHDDPFLHF,-0.194989569, 5000-10000
LEIAKLLNPHFVK,0.166584368, 1000-5000
AAMVPDMTPFPANRY,-0.074141644, 1000-5000
AEGATAQGIRD,0.467592033, 100000-200000
ILHDDEEFD,-0.163845028, 50000-100000
AAGYLGQGRLLNA,-0.078592319, <100
PPGVAVDEL,-0.080366787, 5000-10000
LESDAAGQNGQDVATSQEAASTDITTVAVR,-0.081979247, 50000-100000
EERGPEDAAAAAPAPMDI,0.174622013, <100
AGDEGDAAVVEVRVQE,0.029506086, 1000-5000
FETVMDSPRAS,-0.063558493, 50000-100000
QPWRLLSSSES,-0.088935632, 1000-5000
CRPSLPPAVAIAAIGT,0.364674305, 10000-50000
VEDNEDELNSKLQSVKVEQDD,-0.249270501, 5000-10000
AQVKAQALRF,-0.093837766, 5000-10000
DVTEPTSAARLADF,0.177205104, 5000-10000
GPSFGSTVSEKM,0.058424349, 1000-5000
IEEGGIRATSYSSHEIDE,0.203328273, 1000-5000
SENPYFEDTKLTKTYSF,-0.063621448, 10000-50000
TVLKGVGPATASAVL,-0.083065772, 5000-10000
VSEAIASLKERTGSSSFA,0.326285585, 10000-50000
QDMGMRF,-0.052758964, 1000-5000
ESAASSPTPSR,-0.008044711, 10000-50000
AEGKADVGPDPMASFERY,0.052469983, 5000-10000
ATSGDSIGDDNVGRAQLG,-0.021223018, 10000-50000
STVSEKMRSSEM,0.095196473, 1000-5000
AGQLHQLDGVG,-0.004418644, 5000-10000
QQKLIIDMQQ,-0.159939724, 10000-50000
EVPAEAVKEKEAA,-0.069908081, 5000-10000
AQRQARPDLADWYASL,-0.110961356, 100000-200000
SIHVSTPVEKL,0.102777723, 1000-5000
SVVNGILKPEA,0.808092612, 5000-10000
GGGKAGQADRLG,0.048876327, 1000-5000
AAVAADAPSSEESK,-0.115610841, 5000-10000
GDSAEVAARPAAPSSSSGSGGGGAGGAAPVTVNHASR,0.20560598, 5000-10000
TVAASTDENRSYS,0.178114223, 5000-10000
VDDDDPATDLPR,0.435222438, 10000-50000
TNSLQGKQR,-0.134829134, 1000-5000
SSAPAAAAAAAAAAAAAEATTSKPKPGVRG,0.101429525, 1000-5000
MVISSPPKAGPRFEF,-0.039685517, 5000-10000
NALLGAADAVRR,-0.154068302, 1000-5000
QIKGPAQVSR,-0.131051847, 10000-50000
VIENRPASFMPDGIGGGLDVPRLG,-0.140446198, 10000-50000
VAAAADAPSSEESK,-0.071711624, 5000-10000
LMRNFGDL,0.604923931, 100-1000
MAVRPLPNMFG,0.221020652, 5000-10000
SLQDIIARF,-0.037136714, 10000-50000
ARMLLPAGYSRDGVQ,-0.138269449, 100000-200000
PEGPADWQSSQHPWIYEK,0.040757809, 1000-5000
MVVPARGKALVPTDL,0.161901619, 5000-10000
VLIKNPNPVPIPLVD,-0.311363501, 5000-10000
TAAEVEAAKDIAEEK,0.257215039, 10000-50000
IQFDEPTLVL,0.119624283, 1000-5000
TSVAGYGPVHTGARW,0.011781672, 50000-100000
GVDTVPVLVGPVSY,-0.069187905, 1000-5000
QTIQSVLGTSTRD,-0.07743908, 50000-100000
EGVPSATIAAF,-0.067277753, 10000-50000
DLVRGTQTLGL,-0.078305522, 1000-5000
VEVEPAAANAQG,-0.204332946, 5000-10000
SRAPFSGT,-0.058890578, 1000-5000
EYLKYKD,0.16893425, 10000-50000
REQQLNDL,-0.185981239, 5000-10000
YNIWRETAQQLL,-0.126037486, 5000-10000
FWDGKSTAEDL,-0.116300024, 5000-10000
IELADPMENAGASLIRE,0.091333283, 10000-50000
MKMQREHPGAFE,0.009748496, 1000-5000
VAARAGPFEFFGFTT,-0.244922286, 1000-5000
ERIPSPTYSGFQVAW,-0.129707011, 5000-10000
VGVRPSPVVAAF,-0.090195482, 10000-50000
LEGPPAVPERA,-0.182374351, 10000-50000
VGTVSLAAGYGSDGVYRSPRL,-0.100394319, 5000-10000
LRPPPPAAAPAT,-0.059147728, 5000-10000
ATKKAVAVLKGASEVE,-0.073463085, 10000-50000
DYDGFVTGLKARGTDVF,-0.081385244, 1000-5000
TVEIASPVAAPRLF,0.508061404, 5000-10000
TAVSDELKLNKY,0.407486868, 5000-10000
ASSNKIEIF,-0.08672621, 10000-50000
FAANAAAQASRKSSPRVTNEE,-0.068793533, 1000-5000
LEASTKIIGVGRNY,0.056615011, 10000-50000
LVLLKNGKSSY,-0.093067017, 10000-50000
SVTYGSFSKPINAPAK,0.091960114, 10000-50000
TVKIPVSL,-0.160388106, 5000-10000
VGKEGLKKKL,-0.265909903, 5000-10000
TTEVRAL,-0.183727843, 10000-50000
SLTSLISGLQGD,0.229379858, 10000-50000
ASGSPPTIPPN,-0.28923019, 5000-10000
SAVDDLPA,0.132118034, 5000-10000
VDLPASISQL,0.443401773, 10000-50000
LAVKNKVHGSKS,0.462501535, 100000-200000
EIADRIDKM,-0.076989266, 1000-5000
ISKWIGSDD,0.580503101, 10000-50000
KAKLEVSSFPSEQRNH,-0.127006549, 10000-50000
SEDPKVVQSLTSL,0.207637959, 10000-50000
SVGRTWVKVPAGSF,0.085666452, 5000-10000
GFNHSTSSLLARY,-0.066674793, 1000-5000
AGVNPMVITRL,-0.150891254, 10000-50000
QKEHPGAFE,0.006622991, 1000-5000
VSGLIPDAGTIHAHGQE,-0.140696473, 5000-10000
QLINLQARILMNE,-0.086036231, 50000-100000
AAHAPAGDPVAADAAAAAEEEKDAGAGEV,-0.151496515, 1000-5000
DASIPRVGSAADWSNQF,-0.315529427, 10000-50000
NSDQTSAVSKLQDALRY,-0.124867247, 5000-10000
DVVPGDRMQF,0.738265959, 1000-5000
LAGDNFTIADLSHLPYADHL,0.417206464, 10000-50000
AAPVAPDTTEEPFAAARGRLESL,-0.06881581, 1000-5000
AAGSNGDAGEAAAAAKPA,0.043153679, 5000-10000
VALGKFDA,0.212316846, 10000-50000
AELESVLSGL,0.01038186, 1000-5000
GAALVSPEHRYY,-0.160423531, 10000-50000
QLSLVGLGWVPVEC,-0.052885011, 1000-5000
KDCPVLRVCCLLWT,-0.174999081, 10000-50000
KPFLMPIED,-0.076472972, 5000-10000
IAKAITLPGQGEIMDM,-0.043994709, 1000-5000
IESIRSEPKLGQTVQEL,0.420401312, 100000-200000
PGIALGLAN,-0.189935489, 50000-100000
LVDYIISGPVVAM,-0.02715883, 1000-5000
LVKRIGEATALE,0.220712642, 10000-50000
TLAALIEL,-0.022615375, 5000-10000
AALKRANVDPAL,-0.051227861, 5000-10000
APADSYGCAACGAPLNLSAAH,-0.085642945, 1000-5000
ASKIAVSTAQKF,-0.060480155, 5000-10000
DKVIESEVTHPQMAGSKGSR,-0.038722481, 10000-50000
EAISVAEPKF,-0.093226158, 10000-50000
ILDTGILPSHPSF,0.018355105, 100000-200000
LANAYLHPIFRL,-0.076574793, 50000-100000
LETRGEKGEPWTEVL,-0.048927404, 10000-50000
QALGTAWRSGSLF,-0.037047131, 5000-10000
SLRTTATEALTAD,0.056201912, 5000-10000
VARTPLGGFLGALSSL,-0.051491923, 5000-10000
VGGLAWETHKDALRE,-0.111476127, 5000-10000
VWEGKSVVTT,0.07165576, 1000-5000
HLVGEGAPPDATFF,-0.102549561, 5000-10000
KTAKEEAREL,0.20025011, 50000-100000
LTMIGKGAFGE,-0.092831542, 10000-50000
NIIGGQVPAALGF,0.392754238, 5000-10000
GTISVASAFAGHQ,-0.04352824, 5000-10000
VPHLTHLGVRQ,-0.223561853, 1000-5000
IPMAPGKT,-0.078441313, 1000-5000
VSWDGIHF,-0.015321582, 10000-50000
AVGAGMSGTVQGVLNRVFQNRSG,0.195448432, 50000-100000
NPNNLTHGAPED,-0.049912022, 10000-50000
PASRVIHTVGPIYDL,-0.115020737, 5000-10000
LAQGLARVS,-0.044127644, 50000-100000
YTTSGGLQSFEHPLHE,-0.27634921, 10000-50000
IASSEAASAGAE,0.428510219, 100000-200000
LDLNFDNK,0.110976795, 1000-5000
MQIVVNPDGTVTRPE,-0.099816585, 10000-50000
NVVAADYF,-0.075562911, 10000-50000
VTVGSASNLKNVNWRN,-0.074963676, 10000-50000
LPAAQQGQAGEVVY,-0.084646863, 100000-200000
AAGNLATATSTGGLVNKMPGRIGD,-0.279153825, 10000-50000
QLVDVQRLGSH,-0.048647599, 50000-100000
GLPLLTKQ,-0.10218087, 100000-200000
FENPYPDSSLAGELGKQ,-0.114647058, 10000-50000
KPKKAPAAAAAAAP,-0.173465385, 10000-50000
SGRQSPGGHNVVWGLH,-0.079765857, 10000-50000
VAIGPTGQTVSRDAKSQ,-0.06635767, 50000-100000
VAVNDSGWHQL,-0.015177236, 10000-50000
DIHSPRIPSAEE,-0.071307611, 1000-5000
GPNTKFSYASHKAVNEY,-0.055910614, 5000-10000
VPASQAGSLIGKQGATIKSIQD,-0.211894594, 10000-50000
QSVVISDSLSAK,-0.046335951, 10000-50000
KVALLGAAGGIGQPLGLL,0.370443866, 1000-5000
EPQGPKVVAPTPEQ,-0.052212374, 10000-50000
LSQYSDGP,0.211638461, 10000-50000
VAGGTPWLLWCG,-0.082266692, 10000-50000
AAAPTAYGAEAAPLPAQQQK,-0.057654517, 10000-50000
APHLKDVRPD,-0.033784633, 1000-5000
APKVTSHVVASAHPVEGEGGVGSVRQF,0.66286276, 5000-10000
ASVVDLIKSKFTGGY,-0.072729372, 10000-50000
AVAQAFPHTFGQPLVSF,-0.08137686, 10000-50000
DFFQNTIPSHQ,-0.046632812, 1000-5000
DPLFPFGFGLTTKGTK,-0.087236133, 10000-50000
EVRHAGDLGNIVANAE,-0.046733281, 10000-50000
FGEPGTNGQHSF,-0.046492308, 1000-5000
GGGDSATVTHTRTLTNVGGAGTY,-0.082090789, 10000-50000
GSRAALQAGVEKL,0.011149757, 10000-50000
HLGNEGF,0.043394684, 100000-200000
IIEAANHPTDPEAD,-0.046810831, 1000-5000
IPVAVGLVDSTGKD,0.020641872, 5000-10000
IVVDQVGDRATSYDDF,0.331018219, 1000-5000
KGALSTRLGIPIIY,-0.070649549, 10000-50000
KGGDSAGAGLPPEF,0.146949871, 10000-50000
KLFPEEVPPEL,-0.124283953, 5000-10000
KPDMIAPGVNIL,-0.078721936, 10000-50000
KPSSGTESEAAPSTNDETPPSVEDKN,-0.13557727, 10000-50000
LGGLQHPTIAAGLGGIYI,-0.117856195, 5000-10000
LGGLSPNEIM,-0.083219908, 5000-10000
LPASRVIHTVGPIY,-0.133609096, 5000-10000
LPILPTTTIGSFPQTVE,-0.066346298, 1000-5000
LPMNVGDAHY,-0.087599355, 10000-50000
LTLGQRRAAP,-0.107937467, 10000-50000
PVLQDGPPPGGFAPVRY,-0.12855976, 5000-10000
QLFLPSVT,-0.078735439, 5000-10000
QTASALELT,0.168940962, 1000-5000
SKSQGRVPVSF,-0.10257586, 10000-50000
SLRITNESGKTLVAD,-0.046743588, 50000-100000
SPVISRSAAAAKAAEED,-0.073750308, 10000-50000
SRMAQPAPGIEQGRPVPN,-0.042799941, 1000-5000
VAAHGREAAAVAKKL,-0.178050512, 5000-10000
VPEVIALPITGGNTKY,-0.086469423, <100
VPLTLFGSSPPIPTPVLSKA,-0.083042131, 10000-50000
VPLVPASAVAAGGVVSRD,-0.129255317, 10000-50000
YPNTSDHSGAAAGLTAKGIPNSISI,-0.128646697, 10000-50000
NTVGLSNSVLKL,0.207392313, 5000-10000
AGVCTSFVKIL,0.037617059, 10000-50000
LKAAGLFAGSIF,0.596864194, 100-1000
MEGKPNPEVDDYL,-0.133812854, 100000-200000
AEIDPLASLPKLQFL,-0.082805963, 10000-50000
QQQHLPSSTDGHGVKTQ,0.248843783, 10000-50000
LTELEIVD,0.189627376, 10000-50000
SMLAPHVNPRATEYG,-0.179756042, 1000-5000
LKLVNVERSF,0.39322024, 1000-5000
WEIVPAEPGDRF,0.295883456, 10000-50000
AGLYGKPRT,0.007214865, 1000-5000
VSKYGGASAGYRTML,-0.052779251, 100000-200000
MEKLGLNDPI,0.109774515, 50000-100000
APDDAYILDAA,-0.01279297, 5000-10000
IVAAAVLSGNRNFE,0.393996047, 10000-50000
AFANGWIKVPVR,0.460771763, 5000-10000
YATGVPDNRL,-0.111680948, 5000-10000
WAHEKAL,-0.112386444, 10000-50000
VTSAGFPAGKYL,-0.01183568, 1000-5000
GIAAIKESAAREYKEQGN,-0.197107138, 1000-5000
LEQVGMAEMNRVF,-0.105568739, 5000-10000
PRTGGPIVY,-0.156943307, 1000-5000
GNRKPPGGESSIA,-0.091746402, 100-1000
AVKPGDRIAQM,-0.026937933, 10000-50000
IQFAEERH,-0.156760552, 10000-50000
DPEALQKF,-0.089828708, 50000-100000
EILTGLAKPGGGEEFGKY,0.716550409, 10000-50000
QNVVLLHKASANATLEDISS,-0.057186582, 1000-5000
LDVDSKTSSF,-0.10162605, 1000-5000
DRVLQDQF,-0.120916965, 1000-5000
AAFGAREKEFSK,-0.00785343, 1000-5000
IEALEPVARSQ,-0.140445691, 1000-5000
EICKVQEGKI,0.580509972, 50000-100000
TASELQKNPINYTQ,0.322279619, 50000-100000
AGPGARGGAGRGGGDPGAA,-0.149294818, 10000-50000
TVTGPFSSSRR,0.139567153, 10000-50000
AMAASGFGGGEAFRL,-0.155898715, 5000-10000
LQIPGFTH,-0.048345489, 10000-50000
ADLQGLQAIRQAL,0.527612476, 5000-10000
VKDLLPAGGDYL,0.140025385, 10000-50000
LEKVATDLRA,-0.070601452, 5000-10000
VVDGRNIWADDLATSL,-0.085705697, 1000-5000
DLKVLTLSG,0.069486746, 5000-10000
MHLVSSDDSL,0.065021482, <100
AGMKIAVTAA,-0.185800369, 5000-10000
QVTAMAALT,-0.047078003, 10000-50000
SGDGSAPSPLH,-0.064236048, 5000-10000
TAGVGGIQLNAQ,-0.104926681, 5000-10000
WFSEVVP,-0.171825982, 5000-10000
LSITLTNNDFVP,-0.089043906, 10000-50000
EPKPEPKPEPEN,-0.154029922, 50000-100000
APAAGGGIGDILATSDRD,-0.05408575, 50000-100000
NLYDSEPGFRNA,-0.162294273, 1000-5000
KNLEGLTVQ,-0.123611419, 10000-50000
ISSARLVTGPQQLLG,-0.015572819, 50000-100000
KSRACSSGWKPQRR,-0.037418628, 5000-10000
KVSLAVQ,-0.125137326, 50000-100000
LPRHGGGAAVPR,-0.1426456, 50000-100000
AIELADPMENAGASLIR,0.082423648, 10000-50000
DANPASADGYTHIF,-0.078964278, 100000-200000
FGHTPKGVIATLCF,-0.109058714, 10000-50000
FLGGAGDPASVIAGFGPKTLTRAF,-0.117248258, 1000-5000
GDDEMGDFGGDEGPVMKVGEEKE,-0.229432527, 5000-10000
HDNLLTGAIPESITRLQNLI,-0.052183704, 50000-100000
IGQLKKAIDQGANVAGY,-0.095893704, 50000-100000
IQGEPHDSHKAVEL,-0.209243258, 10000-50000
ITQGIIPAVRTY,-0.104126138, 10000-50000
LAEHGKGIAGQRF,-0.037384484, 1000-5000
LDYYRAPNGPIFL,-0.120486349, 10000-50000
LSSHKDLLL,-0.127259214, 100000-200000
LTIQSVLPKL,-0.027962682, 1000-5000
LVEVIEKEPNRNF,-0.007431316, 10000-50000
LVGQRSPAGGGVAEYGSQSQQ,-0.050771869, 100000-200000
LVRGTQTLGLVTSAGFPAGKY,-0.053484366, 1000-5000
NANDIKAKY,-0.037715515, 1000-5000
TADAEPESGAAEEERGQVDGHD,-0.117165741, 1000-5000
VAAAQSTASALRAEV,-0.161743515, 5000-10000
VLVHPVAPREE,-0.107559704, 100000-200000
VRLTADL,-0.042844517, 10000-50000
TVMCGRLT,-0.046222621, 10000-50000
AGRGAEGPGRRALLQPPAAAAAAAAA,0.5205943, 50000-100000
VMPPTLAASVAMASSTGT,0.045046604, 1000-5000
RSCGCRTGGTSCR,0.142660854, 5000-10000
AVSIELTKEYGY,-0.130997148, 5000-10000
QESDVGTRAGLFEVKKIGDEF,-0.068179766, 5000-10000
KENKMTIIGEMD,-0.055230321, 1000-5000
AEQIAKDPAF,0.037598963, 50000-100000
AVYKVGDLDA,-0.07166497, 1000-5000
SMSTYDRK,-0.090652268, 100000-200000
LDLSTDAVNFRAH,-0.030688701, 10000-50000
TTRTPEFLGIAGQGLSPQ,0.198312523, 10000-50000
VQNKVIPMSRID,-0.062317086, 10000-50000
LRKPPAAASTEEEAK,-0.105884696, 5000-10000
FKTGPERKESAESTMM,-0.089542008, 10000-50000
MSVFVPESKGMSL,-0.346405255, 10000-50000
LIRTQLGSAK,-0.124521443, <100
GPMLSPAVARVAA,-0.077196639, 1000-5000
PTPSALSKRGGDGGDGILAALSRSQ,-0.083876176, 5000-10000
TAKSAFTGR,0.758848364, 10000-50000
AAALASHGGPAVYL,-0.13237696, 1000-5000
KPDGTSQIAAGVTSQTNNY,-0.070962907, 5000-10000
QGLPKDDPEAD,-0.150382458, 10000-50000
MKPAVEAEADERAAE,-0.112926984, 5000-10000
DLLAPEKTNIPI,-0.080877163, 50000-100000
GRPGALDVALL,-0.045821468, 100000-200000
SLVTVAEIPAEGLKGLGTKVVDDTD,0.313828689, 5000-10000
VEVDPSNQQATRSL,0.371567899, 10000-50000
ATEAPIGEAAAEAVRTGL,0.193288235, 5000-10000
VSKPQAADKAVEAEE,0.2116114, 10000-50000
KAYFMNILVLVTSQK,-0.161289808, 10000-50000
AVMMTAEDEPLNP,-0.026496284, <100
AVSDWSYAIEPVGITKDNA,0.387451728, 50000-100000
EATTYANVQDQSKEEPEKL,-0.259821388, 10000-50000
GIDSIAADLKENK,-0.044272526, 1000-5000
LGPPLSRTR,-0.045583029, 1000-5000
LVAPAALIAHNAGVEGEVIVDKIRESE,0.224315127, 10000-50000
PAAMAAAAAQRLLAASTKIIGVGRNY,-0.174892836, 10000-50000
TEVKPALTNMVSAAKLIRTQLASAK,-0.065812066, 1000-5000
VVTIPKVNPSFTKEVDIDDGK,-0.043770876, 50000-100000
VSCARCPPC,-0.090736778, 5000-10000
PIVLPSVPNL,-0.083112499, 50000-100000
FAIPDGRQQASLS,-0.009103892, 5000-10000
AEATAEAGRL,0.230872345, 10000-50000
EKDGQLGANLR,0.088368899, 5000-10000
EEAAEVKEVPEAEPEEKKES,-0.052767478, 10000-50000
AAFAQPAHSSLASATATT,0.057611268, 5000-10000
QIQNETISAAK,-0.07021494, 10000-50000
AEAAPLPAQQQKSSKM,0.067455439, 10000-50000
VGIFVSGF,-0.157991859, 10000-50000
LASVSENVIL,-0.084640779, 5000-10000
SSSAENDPTVTVTER,-0.283778357, 5000-10000
ADAGIKYIPSNTFS,-0.069513995, 5000-10000
FERLQDSKKSS,-0.090036642, 10000-50000
VLYLTIPKLSAGAKVVN,0.147517225, 5000-10000
STALDEGVDFH,0.477701622, 10000-50000
AAKAPKQEMMDAAAMPPFQQ,0.037009196, 10000-50000
DEFGTPKVVNDGVTIARA,-0.044311437, 10000-50000
IVKLENFPYLNRL,-0.051564193, 10000-50000
WTDQPTNARNVEL,-0.012473617, 10000-50000
LLGGLQHPTIAAGLGGIY,-0.146318317, 5000-10000
NSWGQSWGERGYLR,-0.057437553, 10000-50000
DRARAGGRRIA,-0.06712343, 5000-10000
AGTTAAANVHEATAP,-0.052323912, 5000-10000
LAVGSYLLDGKFF,-0.083869566, 1000-5000
YSVAKDKDGLLQRE,-0.110680693, 10000-50000
SAKEIAFDQGSRAALQAGVEK,0.154891223, 10000-50000
FDKQGFNVEEM,-0.147756827, 5000-10000
ILAMVATVPL,-0.059415452, 5000-10000
AIKDGVDAVIAVGGD,-0.079117332, 10000-50000
TEAAAKVPGGVVVSVG,-0.241196049, 5000-10000
FAEELGLIIE,-0.203530749, 50000-100000
LFGRNDADNSNLDL,0.230290141, <100
HDYPTYTT,-0.014668576, 5000-10000
VDIAYVPFIERF,-0.0585361, 10000-50000
PMILTPPYKDL,-0.012086307, 5000-10000
WEEGEGEWRPSEEEEKGKGKGRG,-0.120297399, 1000-5000
QTYKGGLLIIGT,0.625435682, 1000-5000
EKTAQDDYQKLASAVY,-0.10717849, 10000-50000
LSQTGSRYNGVF,0.440948533, 5000-10000
NTLERHPKASAYW,0.558541016, 50000-100000
QEWVAHLQAGAGIVA,-0.055979256, 10000-50000
QTVCSFSGETTNPSTA,-0.00479872, 50000-100000
MDREQQLND,0.158632419, 5000-10000
AGLFAGSIFL,0.793137603, 100-1000
INHGYNQED,-0.124058539, 10000-50000
NDLELQQQTLLGGAPPPPPTK,0.066149346, 5000-10000
TAEDEGGEHKVG,-0.109311692, 5000-10000
DLDSDKLAAFSAAY,-0.067036887, 1000-5000
LEKRPVANE,0.044234651, 10000-50000
APPAAAGAPPAEKPPAAKPDGTSQIA,-0.117724462, 5000-10000
FADYKPTTA,0.18840097, 10000-50000
IELDQQKKDGDSTWKHDGFF,0.110869077, 10000-50000
FDDEYHPDVY,0.363955354, 10000-50000
DTLGEESYKDSTL,-0.101820436, 10000-50000
SAEPATPPA,-0.088377018, 5000-10000
VTDTKPSLDNS,-0.02684154, 1000-5000
DGADEGKEAPKGEAGDGQ,-0.10633343, 10000-50000
AWPQPDGAASQAPR,0.242705603, 5000-10000
VFEPNRKVPAN,-0.229635575, 10000-50000
QVEGAASTNGRGPSIWDSF,0.131000439, 50000-100000
AVYKVKLVGPEGEEH,-0.059504362, 5000-10000
SNADASSGKRGVA,0.463186841, 10000-50000
SPQQKLLQAS,-0.086552788, 10000-50000
EEATFLAGDNF,0.652810413, 10000-50000
LVNSVFPKL,-0.117589871, 10000-50000
LQRPPSTSTDASAKNGQLG,0.812921239, 10000-50000
PQPAAPAPT,-0.013287498, 50000-100000
SFGDANTDSTPKTA,-0.204948687, 100-1000
SGDEEEEDDDDGDDDGDDDDDGRPPSKR,-0.119583497, 5000-10000
SEEDEGEGAGDTEKKQQQPQAKEIEA,-0.085891251, 10000-50000
AEKVGQMTQIERI,0.336248043, 10000-50000
FNHSDADF,0.065408633, 10000-50000
AREENVYMAKLAEQAERYEEM,-0.091419176, 10000-50000
PSFVFHSQVDDT,0.679980278, 10000-50000
MLDEEEHF,-0.169536201, 5000-10000
ASKSISTLPSMVERD,-0.004616683, 5000-10000
RETAQQLLSQ,0.064768063, 5000-10000
SSNEKHLPAISDPEIEAAFKDL,0.097222578, 10000-50000
SAGLLEVANPSLSSRF,0.433042699, 50000-100000
AMSEVVRPGDVF,-0.047964564, 1000-5000
AVLPSRGSALAAGYDLS,0.048771148, 5000-10000
EDSSAEQQQQQPL,-0.104929249, 10000-50000
GSVLVYLT,0.156068678, 5000-10000
ARTSSRRTY,-0.132023409, 1000-5000
KDPASMETLPSDGRAVGEVML,-0.067914634, 1000-5000
GLAAVVQAGQVRRREAEE,-0.100751028, 10000-50000
AGRRSGGGGGGGGWRHAAHRD,0.189834343, 1000-5000
AGLGLAFHLLLPAWPG,0.132459033, 10000-50000
ARILLPRTGGPIV,-0.148038712, 1000-5000
ASSVLRTMLGPEIAA,-0.148825326, 1000-5000
EEEEKGKGKGRGLFL,-0.14195359, 1000-5000
HFIVPELGPNTKF,-0.051932691, 5000-10000
KNVAHEAVGVK,-0.048317536, 50000-100000
KNVDGLDIVQL,-0.046467122, 1000-5000
KRGIDGGANVIGY,-0.099454185, 5000-10000
KSVFIGPRSRSI,-0.082758368, 10000-50000
RILVPTTKVG,0.178197513, 10000-50000
VETAALRAELGQLRA,-0.015686223, 50000-100000
VNETKLDSEIKSW,-0.066380924, 1000-5000
VRLSLGGNDLSGPIPAELGSLTHL,0.005944851, 10000-50000
VWSLFVLRGIAELV,-0.055458773, 10000-50000
YTSSYMKGQKL,0.139092365, 50000-100000
AGTPRMVRVI,0.363043508, 50000-100000
KGLMICRATTAMSY,-0.066171528, 5000-10000
KAGDARAKRE,0.615554235, 5000-10000
KGLPVVGSLGLMS,-0.052330316, 10000-50000
LARQTLINGGGIFEM,-0.206413783, 10000-50000
LWATSVFPLSAVDT,-0.069806066, 100000-200000
SHKPGMAKD,0.308917729, 5000-10000
SLGGNDLSGPIPAELGSLTHLRVLL,-0.052033667, 10000-50000
VVGVARTPLGGFLGAL,-0.03766002, 5000-10000
LHQLTLVLTL,-0.050262671, 1000-5000
LIKMSPLVSE,-0.117291789, 1000-5000
YAIESENKDAKLF,-0.080377207, 5000-10000
LASGALSPASRVL,0.420650641, 10000-50000
VGDPDLVARDPVVAF,-0.119822157, 1000-5000
VLDLDSDKLAAF,-0.07083071, 1000-5000
GAPSPSCAPPGA,-0.029221691, 50000-100000
EPETEISQDGRIR,0.091568477, 5000-10000
PALVLDPGPP,0.255940049, 5000-10000
AIHYLSKAGVSA,-0.127623479, 5000-10000
IVSDHLTPVL,0.94749487, 5000-10000
DVVVHEPLSGTSSSVN,0.28933997, 10000-50000
EIEGDSSCYRVL,0.741720251, 5000-10000
TLVQPSSMLADEKNT,-0.091526159, 10000-50000
VNVERSFAEKHYADLASKPFFQGL,-0.024196757, 1000-5000
EVGGRAQAAAVHVYRWVRE,0.067264001, 5000-10000
RPNPDPTNPTPLT,0.23131277, 10000-50000
ITDVAATVNHDSD,0.440960842, 10000-50000
ALTRPASVA,-0.094508962, 10000-50000
SGDVLADALTDL,0.040072327, 5000-10000
AADKAVEAEETESAETKIEAAQSS,-0.045906203, 10000-50000
AGAKGANWLGGLSRASFPKGF,0.192053409, 50000-100000
ALVDLQRSKVAVQ,-0.073281549, 10000-50000
APAAAAEASEEVGGDGKR,-0.035073788, 10000-50000
ASPGVVAAALLV,0.200732572, 5000-10000
DSGDGVTHTVPIYEGYALPHAILRL,0.17929041, 1000-5000
FVQFVRAGATEK,-0.104063354, 10000-50000
IAEGAMHGGDRPFSL,0.773923809, 10000-50000
IAVDNIVERL,0.07606722, 10000-50000
IEVPVGRGKPPVL,-0.046725566, 1000-5000
ILRLPGETQQALQTL,0.035049484, 5000-10000
IVSANGLSENVFEIASKSLAD,-0.143367919, <100
LHDESSNL,-0.103033456, 100000-200000
LRIAPKGVSEVHEML,-0.064402466, 5000-10000
LRLPSSPDVALHL,-0.118260394, 5000-10000
LVVEPKFLDRF,-0.143281767, 1000-5000
NVWDLATLPTPP,0.105173606, 50000-100000
PITGGNTKYLEWIKNSTRDK,-0.167448798, <100
QAFFLGGAGDPASVIAGFGPKTL,-0.139269585, 1000-5000
SRGPSGTLPYVLKPDIAAPGVDILA,-0.046457675, 10000-50000
TLDSKSQVGSIF,-0.065228277, 5000-10000
VAVAEGAGSTGNVLAVEQFIREHVRA,0.637376263, 50000-100000
VSKLRIYQ,-0.144654798, 5000-10000
VVRGQPWPPASF,-0.147725291, 1000-5000
QFLSSKQAL,0.25438461, 10000-50000
ASETTEEEEAEKPEIK,0.007869532, 10000-50000
KNGSQFTRQ,0.643068853, 5000-10000
YSTAIIGRL,0.234320504, 50000-100000
DITASPTQLNGTHMDF,-0.049211218, 5000-10000
EGSEEASSHPSVIVR,-0.091912814, 10000-50000
NFAAGVNGHG,-0.113556152, 1000-5000
VEIKPVAPPIE,-0.067760714, 10000-50000
KQASNLQVLGPAGEI,0.326355237, 50000-100000
LDILPLADTPAGPWKVY,-0.105000956, 10000-50000
LVYGGLGLGGRPEAE,-0.163771077, 1000-5000
STAAGGFVPRASLF,-0.035617311, 10000-50000
LAGLAWYQAPNHLMDHQLN,-0.06901317, 10000-50000
TALSLAQL,0.067944365, 5000-10000
AALGRPMTPAEAL,-0.196602196, 10000-50000
ALWTDQPTNARN,-0.093356408, 10000-50000
HSVISFKPTM,-0.161876338, 50000-100000
KDDSVSAPAAFVDADHP,-0.083355242, 10000-50000
KGICCAID,0.348501125, 50000-100000
KNNSIIKVAANVAR,-0.097072971, 1000-5000
RAVDPGLVYDAGPDDYF,-0.035498297, 10000-50000
SALSNNLAAPPGVRLH,0.002386508, 100000-200000
SIDPDQMAGLSQPGSSSRK,0.175717427, 5000-10000
VAEAKKAVSKATDDNAGQEALKNVF,0.094254652, 10000-50000
VAGDCGPSPRARV,-0.094765769, 5000-10000
VEDLDPSRPTPFQLL,-0.06109414, 1000-5000
WRAPVGITM,-0.037089603, 10000-50000
YMVNPGKGQRLQ,-0.096723964, 1000-5000
ASIGSTRAGSTSARST,-0.087621965, 10000-50000
GDAPADSAGRPYVG,-0.07821995, 10000-50000
CIDGGKFQER,-0.090737678, 100000-200000
IDEEDDDGEDSVK,-0.059811518, 5000-10000
PLRLLAPDAAGPH,-0.118128505, 10000-50000
NDAAEIFRIAATMNGL,-0.093056774, 5000-10000
GLEVTSAGAGNEK,0.698820406, 100-1000
AEQLQKTVVSPR,-0.080678428, 50000-100000
IPLTGPNSVVGRAFVVH,-0.059134897, 10000-50000
GLEASSSKESA,-0.023277477, 100-1000
GNVNAGKGLF,-0.182151799, 5000-10000
PESGNNDVKEVVG,-0.062746581, 5000-10000
RGARREGAGAWVPGGRGD,0.189591767, 1000-5000
QQYGKEDPIQVL,-0.281737049, 100-1000
DKNAWRTDEEF,0.162954401, 10000-50000
PALVKSLPTQ,-0.067504989, 50000-100000
DLGGISKQM,-0.052870492, 5000-10000
EELGTEYLVQPLGRAE,-0.058735026, 5000-10000
MDRIDAGEGEQLKN,-0.161687569, 50000-100000
SAMRIIAGTAANM,0.469365299, 5000-10000
IGDIELAVFS,-0.086021719, 5000-10000
FAILPGFPDNVRT,-0.131220031, 5000-10000
INQSMNPLK,0.492520097, 5000-10000
FYSAQRTAAAQQME,-0.099403594, 5000-10000
EAEAAPAPAAAAEA,-0.196027393, 10000-50000
QLTELYLQENSLS,-0.093016684, >200000
LEEAEIELE,-0.046956289, 10000-50000
YDSEPGFRNAYGWT,-0.141078405, 1000-5000
AGVNPVLIKRL,-0.020941272, 10000-50000
YKAGEDADTLGLTGHERY,-0.124358776, 10000-50000
HISFAEDGTDPPKKPT,-0.041240332, 5000-10000
SVASDRDVQGPVSPA,-0.060671913, 10000-50000
DDLASDARALLAFRDA,-0.013716169, 10000-50000
LIPSLPADAD,-0.05171, 50000-100000
SGGGSDNISRLR,-0.047190821, 5000-10000
QNFVRSSAPVICYVD,-0.01157493, 5000-10000
ITDDPAEIVW,-0.134323654, 1000-5000
VVRAGLGTPVQQLLL,-0.100743292, 10000-50000
APPAAPAAAEEP,-0.045600209, 5000-10000
ISGAADSASTAAPWDET,0.119249549, 10000-50000
QEAAEAYDIAALKFRGENAVT,0.17808424, 100-1000
QQKEEFLRSLRDN,0.400186048, 5000-10000
AAALEEKKKRNM,-0.208898247, 5000-10000
AAECQSN,-0.123451135, 5000-10000
APTSVDWRSK,0.681504062, 10000-50000
DSAPAGKQPLNRAKPK,-0.301725013, 5000-10000
EAAVAAETRRMAAANPDGAMPEVIEIVPAA,0.334647737, 10000-50000
ERLVEVIEKEPN,-0.175390614, 10000-50000
KGIEKLQGAGIS,-0.302894315, 1000-5000
SAAPEAKAKAER,0.857830618, 10000-50000
ATIESITKITTGKL,0.487214608, 10000-50000
GADSPEGDGGRGEPQPEVDDETASAEGSARKPAEPELTR,0.988366213, 10000-50000
EPPPPPPPKP,-0.1278378, 5000-10000
AFVFLGAL,-0.02956388, 5000-10000
PVPADTVMFHNQY,0.049559391, 5000-10000
KGGLRAANV,0.073255092, 100000-200000
LAGESGIGPIDRF,0.182329481, 10000-50000
LRIEEELGDAA,-0.266310688, 10000-50000
AVIPVTSTRYSIDA,-0.092161476, 5000-10000
LVSTPDVVKQ,0.174866661, 10000-50000
LAKSGLTQPTPEA,0.00355482, 1000-5000
SVLATLVAGFVE,-0.187771806, 100-1000
PLTAGDIPE,-0.183698724, 10000-50000
IKSFLTGSPMPVQ,-0.179741323, 5000-10000
VGELHYHY,-0.091025863, 5000-10000
PSAPTVQVAPT,-0.149687699, 10000-50000
NGTQDITK,-0.068785641, 5000-10000
DPSLAGLSGLAPVRATGGATARGSGALE,0.019081738, 10000-50000
CAAAKDVFLSQ,-0.105130029, 5000-10000
VSTPDVVKQITS,-0.150562344, 10000-50000
KSFVSEYPIESIE,-0.181464576, 10000-50000
IFVAGSGSGGTVSGVGKY,-0.014384739, 5000-10000
AFEGAPKLPSSF,-0.082901168, 100-1000
AKLTDEIGQKVQIVGDDL,-0.234081868, 10000-50000
SENVVVEDVTSPGIAP,0.300969944, 50000-100000
RAAGADVVGGDEL,-0.05001543, 50000-100000
LSSKSVKNLE,0.000921191, 10000-50000
MAYAPPMKAGKAGFEA,0.016564462, 10000-50000
VKKIPLYQ,-0.143931409, 10000-50000
YEGVILNKAQGNTS,-0.005199385, 100000-200000
PMLSPRLGQT,-0.208315453, 5000-10000
ARGVVAGAKGGAAAGGGKKKGSVTF,-0.054260793, 1000-5000
GPARVTNPALAGLTGLPAGVTARGPSALE,-0.108032516, 10000-50000
RGAAAGGVGRLGRTE,0.004397408, 10000-50000
VTRQKAGEY,-0.0589916, 10000-50000
YPVQKTPVEQE,-0.067039471, 5000-10000
ELATRPGWF,-0.187748435, 10000-50000
LQMQGVQESNPTQK,-0.081699232, 10000-50000
IATPMFMPRL,0.538621749, 50000-100000
QLATFGEHEKI,-0.100601635, 50000-100000
IKRDAPIIAE,-0.053299684, 10000-50000
TGTFSLKF,-0.056194079, 50000-100000
FGEKDKTYDLNF,-0.121868089, 10000-50000
VGLSDGSYARGAVPSGA,-0.17656726, 10000-50000
VQIHTIQRHW,-0.190504899, 50000-100000
KAGKAGFEAGMM,0.008162156, 10000-50000
MDNVPLIGWIQTID,-0.052285798, 5000-10000
APAISPVSYPSRVAPLPED,-0.037709895, 50000-100000
FMILPTGASSFKEA,-0.126621914, 10000-50000
KQSGGSKSKTAEADITV,-0.053762097, 10000-50000
SPSAAAEALRYLLDPSSAAAAAN,-0.045659962, 5000-10000
VVFGGQLTEGADGLNK,-0.037586821, 50000-100000
GGGGPARGPAQVVPAAAAVAGAAQGGAH,0.107688381, 10000-50000
QVSSTSIEPCGIGL,-0.062337327, 5000-10000
DLDVAETTRLI,-0.107437045, 5000-10000
STVPSLLDLSREE,-0.10764436, 10000-50000
KDVVLDE,-0.111822797, 1000-5000
AAALSEEERHRQQLQ,-0.243113007, 10000-50000
LRARLAAGIPSSDNTQSKS,-0.046014314, 50000-100000
EKAEVNARSAADE,-0.061735, 10000-50000
KLGEYKDSAVEKARETKDAVAQKTSETAEATKN,-0.043082744, 10000-50000
GVPAVRPDKEP,0.119519969, 10000-50000
TLFNAVPGLDGAP,-0.133896121, 10000-50000
AKDATVDKTSQTAHTAGDKLGEYRDY,0.562563316, 10000-50000
AEDKFEVNGSAQI,-0.080170795, 10000-50000
DVAASEFFGEKDKTYDL,-0.118531177, 10000-50000
LDKNKDGYVSKDEM,-0.087631485, 1000-5000
LYLDPDRLTWT,-0.140189008, 50000-100000
NEETGGFNDVM,-0.152522304, 50000-100000
RPVAAAASLL,0.518234917, 10000-50000
THAQLSPPDGIEYNDF,0.114397184, 1000-5000
YTLASNEKGLDVVLRMADY,-0.151158198, 50000-100000
SVAADHYNKVQVS,-0.037580464, 50000-100000
GAMDNVPLIGWIQ,-0.066632251, 5000-10000
NGSSHPSAL,0.004205695, 5000-10000
QTVNIVVIG,-0.028637305, 5000-10000
PAQNPQPMSMR,-0.03769996, 50000-100000
ELSGHDIFADHED,-0.050837061, 50000-100000
RNKLGEY,-0.055861724, 10000-50000
IVYPEKFEGDKGEKL,0.291601557, 50000-100000
GHDIFADHEDPKPN,-0.045019634, 50000-100000
NPGSSTRLQPNILNCPPPI,-0.048792465, <100
QASQITFSQDGTVPTRKATSVAGVARQ,-0.045978752, 50000-100000
RTPTWAKSR,-0.045128842, 50000-100000
SVASDTTDHPVVDR,-0.17347745, 10000-50000
IEKLSKGELPLKEY,-0.036914609, 50000-100000
ELSHTVESEGDSKMKRQVS,-0.033838921, 50000-100000
EADPTAISRL,0.295156894, 5000-10000
YEAVRDASPVIEA,0.370852363, 1000-5000
KESSALRAIP,-0.099390506, 1000-5000
GSSRAACPAGGAAGVAGAPR,-0.426394403, 10000-50000
LAGAGATVVV,-0.211074682, 5000-10000
FDRALPEQTFHLL,-0.197943097, 5000-10000
VYRPTFASF,-0.117956109, 50000-100000
SDIVDTDSGVHIILR,-0.080263181, 10000-50000
AARMTPEELDKMSKMEW,-0.132235236, 5000-10000
LEEIPWT,-0.102208889, 10000-50000
TVVNGFAARMTPEEL,-0.055535095, 5000-10000
ASPDLVLGLVPCAV,0.14490111, 50000-100000
PDREATLHPKNIDP,-0.073666412, 50000-100000
TRSAARSASCLPR,-0.077327982, 50000-100000
CLAAAARRR,0.152995437, 5000-10000
ELAQAIDTVKSD,-0.128961599, 10000-50000
AVALAAADEFTY,-0.05055225, 1000-5000
IYSYRTVVNGF,-0.120498673, 5000-10000
LALSAIEH,-0.118755726, 10000-50000
KAIGIKNGV,-0.065558232, 50000-100000
KFLWGADAEEFRPE,-0.197268408, 10000-50000
PSGEEADLEAFQRHVASAL,-0.061436587, 5000-10000
SALLVDDDAAAAAAASGAGGVASFLSSHRNR,-0.063543974, 5000-10000
DLRNQILSGQANF,-0.066311753, 5000-10000
LTGRQNGQ,-0.11095183, 5000-10000
QPDPHRPGRP,-0.111934093, 10000-50000
GSSFGPPLLEHN,0.108955173, 10000-50000
LDLKMGT,0.018080608, 10000-50000
SSTPSFSQENGIDH,-0.078059938, 10000-50000
LGELLKPAET,-0.19433175, 1000-5000
GEAAEAKEGMFVKNYSY,-0.11921646, 5000-10000
RAPASTLVSSI,-0.146115528, 10000-50000
KDGVGVVLE,0.353459249, 10000-50000
QLDACGARAQLQL,-0.130620552, 1000-5000
PSPSPRSPPSS,-0.107330828, 5000-10000
LTDQDPHLPT,0.129976624, 10000-50000
KPFEDATYALKVGELSD,-0.158216129, 10000-50000
KWDSVSEIRR,-0.097008611, 5000-10000
YVVRSPILVTNESGPSPAETRKP,-0.114179767, 5000-10000
IVDTDSGVHIILRTA,-0.156825117, 10000-50000
EWLEAGKLQ,-0.101857128, 1000-5000
QRQQPGGGA,-0.149036566, 10000-50000
LPEDSFLDL,-0.141297051, 10000-50000
GDDAGRRHAGDHVH,-0.039138204, 10000-50000
PSSSRVAKTNADRITP,0.228986952, 10000-50000
NNSNLVAAR,-0.042785194, 10000-50000
SQAPYKSSSFSPATTRDDSGGKTR,0.386037627, 1000-5000
QGGSVGIVAA,-0.11822763, 5000-10000
SGTATAHLINGFHT,0.192340475, 5000-10000
LFDGNATSMTRRKT,-0.051779448, 100-1000
ALLLRAKANSLAQLGKYTSDGEAAEAKE,-0.151575417, 5000-10000
SAYADELVKTA,-0.162268007, 5000-10000
SAAIGNLGELGANV,0.060905006, <100
VAVNGEPTNQSDEL,0.090264295, 1000-5000
VQFLQSKFGAK,-0.191707586, 5000-10000
QIAQTALL,-0.192578165, 10000-50000
KGKTAKPA,0.59254175, 10000-50000
VSVGDPARPEQL,-0.087129037, 5000-10000
LSDPAKVLEF,-0.1961629, 5000-10000
PAVNIERL,0.018300239, 10000-50000
AGKTGQVTVF,-0.068041577, 5000-10000
VAEYPGMFHGF,-0.179752885, 10000-50000
LAYEKLGGF,-0.146543137, 5000-10000
IVYDTNNIIKRYT,-0.049501839, 10000-50000
GAAPNAGSLRGFD,0.607755815, 10000-50000
VPTDKAAEAGGDKAPQIDVTQFGY,-0.024603964, 10000-50000
YGVLPVVQKAPSYA,-0.046806329, 5000-10000
KAAEAGGDKAPQIDVTQFGYF,0.055434782, 10000-50000
AENFKWRGPPKAEQA,-0.057662155, <100
DVHVGIGNNHPAKNGSDTKGADA,0.106637084, 10000-50000
IELGNGLPDIRS,-0.084278566, 50000-100000
RAQPPVLGLGL,0.139732483, 50000-100000
PNIPWDRQPFSA,-0.058694632, 50000-100000
AAAEASAAATALGGLLASPLSTLE,-0.039322152, 50000-100000
IDNEDKQTGSIYEHW,-0.214537737, 5000-10000
FSGDDGEEHF,-0.116705106, 5000-10000
SGVMDDRGKF,-0.038680358, 10000-50000
FVSFGRLAE,-0.141261831, 10000-50000
PELPEATKVLQDMKA,-0.142653049, 10000-50000
WSMVPTDKAAEAGGDKAPQID,0.063292018, 10000-50000
FVDSHIPTPK,-0.14854588, 10000-50000
ELVPEQPEEVDEEKQSLVSSAK,-0.040045906, 5000-10000
EYVGLAPQGSERVSNF,-0.093028405, 50000-100000
PPNLTLNPRAFD,0.340061414, 10000-50000
MREEVRSSAAAAPD,0.010907966, 5000-10000
QDRLSPWQRGYYA,0.440712337, 50000-100000
VLSEKMGYLNSDGPTSSN,-0.0820063, 5000-10000
VNSAVAQQARVGASL,0.68311803, 10000-50000
LVRKPLLE,-0.092630438, 50000-100000
VALRGFLNSDQTL,0.283114752, 10000-50000
AEDSPLPWYLPLDPSRF,-0.085967782, 50000-100000
AEAGGKQLLYPTSLRSDEIKE,-0.099886988, 10000-50000
LYMHGHGARQADAPSRTM,-0.103685862, 10000-50000
SVQQASRSKVAVVP,0.5095494, 10000-50000
QGDQRKNVSNF,-0.237258659, 10000-50000
IDLVYGEIMNRQ,-0.133123267, 50000-100000
QPDVIISVHPLMQHVP,-0.037507472, 10000-50000
GVDVTAAEKVWKTFQSLGDIAFAYT,-0.138359968, 50000-100000
AAGGEGEEDESANVSATSVRTAPK,-0.075951318, 10000-50000
GSDIFADGEAPSRDYLG,-0.072921904, 10000-50000
ASGLGGKINKVEVK,0.929105802, 50000-100000
RLTAAEAEWAVAGNLCRCTG,-0.159020719, 5000-10000
