Peptide, pep_gene, pep_tf, pep_f,Tas,GP,SiU,EP,FS,JLB3,ML8,VM19D,En8DAP,Em20DAP,IND,PR5D,SR7D
LETSSGVLDTSPRGG,Zm00001d006110,GRMZM2G178182, bHLH,4919833.333333333,0.0,1538500.0,20505333.333333332,8666000.0,0.0,0.0,0.0,10893000.0,0.0,5420433.333333333,7272266.666666667,39919333.333333336
LETSSGVLDTSPRGG,Zm00001d006110,GRMZM2G178182, bHLH,4919833.333333333,0.0,1538500.0,20505333.333333332,8666000.0,0.0,0.0,0.0,10893000.0,0.0,5420433.333333333,7272266.666666667,39919333.333333336
WSDASGDILGA,Zm00001d005578,AC203957.3_FG004, bZIP,0.0,0.0,410076.6666666667,1834766.6666666667,2385533.3333333335,0.0,0.0,0.0,18705333.333333332,0.0,0.0,4186933.3333333335,32768666.666666668
KPVSSVV,Zm00001d007042,GRMZM2G060109, bZIP,636066.6666666666,0.0,0.0,0.0,0.0,5902773.333333333,3048366.6666666665,0.0,43430333.333333336,0.0,3601600.0,0.0,15724333.333333334
LDDVVPMEP,Zm00001d003064,GRMZM2G048295, MYB,0.0,0.0,0.0,717393.3333333334,7748900.0,0.0,0.0,0.0,0.0,0.0,6141533.333333333,0.0,11791333.333333334
IITFGSEPS,Zm00001d002760,GRMZM2G475678, ERF,0.0,0.0,0.0,0.0,9509500.0,0.0,18902000.0,0.0,0.0,0.0,0.0,0.0,35291666.666666664
LTLIKAST,Zm00001d004230,GRMZM2G438260, HD-ZIP,3021700.0,0.0,0.0,0.0,0.0,1671533.3333333333,0.0,0.0,0.0,0.0,0.0,0.0,43598666.666666664
QPRRTQLAPVM,Zm00001d002867,GRMZM2G026926, ERF,0.0,0.0,0.0,0.0,0.0,0.0,0.0,0.0,0.0,0.0,0.0,0.0,369636666.6666667
AARARAAAAAAP,Zm00001d005970,GRMZM2G009406, Dof,0.0,0.0,0.0,0.0,0.0,0.0,0.0,0.0,0.0,0.0,0.0,0.0,6428233.333333333
GDPAGNHFQIR,Zm00001d006451,GRMZM2G113779, SBP,0.0,0.0,0.0,0.0,43917000.0,0.0,0.0,0.0,0.0,0.0,0.0,0.0,296353.3333333333
VLRNISKSMELLRKSNLHE,Zm00001d002781,GRMZM2G320827, Trihelix,0.0,0.0,0.0,0.0,0.0,0.0,0.0,0.0,0.0,0.0,0.0,0.0,32228666.666666668
QAAAALAAAADFPLPP,Zm00001d002744,GRMZM2G172936, ERF,0.0,0.0,0.0,0.0,0.0,0.0,0.0,0.0,0.0,0.0,0.0,0.0,122320000.0
QEKAFENAVA,Zm00001d001837,GRMZM2G149958, MYB,0.0,0.0,0.0,0.0,1903233.3333333333,5332333.333333333,17659833.333333332,0.0,0.0,0.0,0.0,41065333.333333336,0.0
KNSYGGPDTAVQNK,Zm00001d006094,GRMZM2G129034, MIKC_MADS,0.0,0.0,0.0,3772733.3333333335,3105366.6666666665,0.0,0.0,0.0,0.0,0.0,0.0,11159300.0,0.0
KNSYGGPDTAVQNK,Zm00001d006094,GRMZM2G129034, MIKC_MADS,0.0,0.0,0.0,3772733.3333333335,3105366.6666666665,0.0,0.0,0.0,0.0,0.0,0.0,11159300.0,0.0
DEQPKPPEP,Zm00001d005244,GRMZM2G171370, bZIP,3752700.0,0.0,0.0,8962266.666666666,15509333.333333334,0.0,0.0,0.0,34582333.333333336,0.0,0.0,4275566.666666667,0.0
DEQPKPPEP,Zm00001d005244,GRMZM2G171370, bZIP,3752700.0,0.0,0.0,8962266.666666666,15509333.333333334,0.0,0.0,0.0,34582333.333333336,0.0,0.0,4275566.666666667,0.0
DEQPKPPEP,Zm00001d005244,GRMZM2G171370, bZIP,3752700.0,0.0,0.0,8962266.666666666,15509333.333333334,0.0,0.0,0.0,34582333.333333336,0.0,0.0,4275566.666666667,0.0
DEQPKPPEP,Zm00001d005244,GRMZM2G171370, bZIP,3752700.0,0.0,0.0,8962266.666666666,15509333.333333334,0.0,0.0,0.0,34582333.333333336,0.0,0.0,4275566.666666667,0.0
IQAGGGGNAGAGSSRLT,Zm00001d003677,GRMZM2G147685, bHLH,0.0,0.0,0.0,0.0,0.0,0.0,0.0,0.0,35403666.666666664,0.0,0.0,24100333.333333332,0.0
QPTAGLLTSSG,Zm00001d006195,GRMZM2G034113, HD-ZIP,0.0,0.0,0.0,0.0,0.0,0.0,0.0,0.0,3322566.6666666665,0.0,963583.3333333334,0.0,0.0
AVGDASSSSPVAPR,Zm00001d006451,GRMZM2G113779, SBP,0.0,0.0,0.0,0.0,16331666.666666666,0.0,0.0,0.0,0.0,0.0,3744433.3333333335,0.0,0.0
QLQAAEAAAPVHA,Zm00001d003335,AC215290.3_FG002, C2H2,438390.0,0.0,1750963.3333333333,812856.6666666666,3148566.6666666665,0.0,0.0,0.0,11250200.0,0.0,3115670.0,0.0,0.0
SPDSELSEQPL,Zm00001d006150,GRMZM2G107560, bHLH,1113733.3333333333,0.0,0.0,0.0,0.0,0.0,0.0,0.0,2941433.3333333335,0.0,224086666.66666666,0.0,0.0
GDDDDDDDTDDSPPRA,Zm00001d003645,GRMZM2G089619, ZF-HD,5365400.0,0.0,0.0,0.0,12104333.333333334,0.0,0.0,0.0,0.0,0.0,2080733.3333333333,0.0,0.0
LMSSSSLAQGCS,Zm00001d003677,GRMZM2G147685, bHLH,0.0,0.0,0.0,0.0,0.0,0.0,0.0,0.0,0.0,199633333.33333334,0.0,0.0,0.0
QLENALELIS,Zm00001d003342,AC185655.3_FG005, C2H2,5633633.333333333,0.0,0.0,0.0,0.0,8810533.333333334,753913.3333333334,0.0,18591666.666666668,0.0,0.0,0.0,0.0
PNVDAVYASAAAAISATSSF,Zm00001d004822,GRMZM2G003234, C2H2,0.0,0.0,0.0,0.0,0.0,783066.6666666666,0.0,0.0,41236666.666666664,0.0,0.0,0.0,0.0
TTTTRSSAATSPSRT,Zm00001d006195,GRMZM2G034113, HD-ZIP,0.0,0.0,0.0,0.0,0.0,0.0,0.0,0.0,20700666.666666668,0.0,0.0,0.0,0.0
YSGRNLGTSSGGYYGGSGSSSYY,Zm00001d002781,GRMZM2G320827, Trihelix,0.0,0.0,0.0,0.0,0.0,0.0,0.0,0.0,14002333.333333334,0.0,0.0,0.0,0.0
SLPALDDMMGP,Zm00001d005208,GRMZM2G162739, NAC,9715733.333333334,0.0,1065333.3333333333,18693333.333333332,0.0,3879333.3333333335,3301700.0,0.0,1493533.3333333333,0.0,0.0,0.0,0.0
SLPALDDMMGP,Zm00001d005208,GRMZM2G162739, NAC,9715733.333333334,0.0,1065333.3333333333,18693333.333333332,0.0,3879333.3333333335,3301700.0,0.0,1493533.3333333333,0.0,0.0,0.0,0.0
LGVGGGGIVRG,Zm00001d002654,GRMZM2G129261, C2H2,0.0,0.0,0.0,0.0,0.0,6608800.0,0.0,0.0,8693333.333333334,0.0,0.0,0.0,0.0
LGVGGGGIVRG,Zm00001d002654,GRMZM2G129261, C2H2,0.0,0.0,0.0,0.0,0.0,6608800.0,0.0,0.0,8693333.333333334,0.0,0.0,0.0,0.0
LGVGGGGIVRG,Zm00001d002654,GRMZM2G129261, C2H2,0.0,0.0,0.0,0.0,0.0,6608800.0,0.0,0.0,8693333.333333334,0.0,0.0,0.0,0.0
AGSSAAAAALLQQPPGLAGSSFPQLYSD,Zm00001d002934,AC212859.3_FG008, NAC,0.0,0.0,0.0,0.0,0.0,0.0,0.0,0.0,10420666.666666666,0.0,0.0,0.0,0.0
SIPLGGAGP,Zm00001d003331,GRMZM5G816457, WRKY,0.0,0.0,273540.0,568780.0,0.0,0.0,4108666.6666666665,0.0,0.0,0.0,0.0,0.0,0.0
SIPLGGAGP,Zm00001d003331,GRMZM5G816457, WRKY,0.0,0.0,273540.0,568780.0,0.0,0.0,4108666.6666666665,0.0,0.0,0.0,0.0,0.0,0.0
MADGMTTYRLGS,Zm00001d007842,GRMZM2G452178, TALE,0.0,0.0,0.0,0.0,6162000.0,0.0,0.0,0.0,0.0,0.0,0.0,0.0,0.0
KGMSPVVPL,Zm00001d002288,GRMZM2G080054, bHLH,0.0,0.0,0.0,889526.6666666666,0.0,0.0,0.0,0.0,0.0,0.0,0.0,0.0,0.0
KGMSPVVPL,Zm00001d002288,GRMZM2G080054, bHLH,0.0,0.0,0.0,889526.6666666666,0.0,0.0,0.0,0.0,0.0,0.0,0.0,0.0,0.0
KGMSPVVPL,Zm00001d002288,GRMZM2G080054, bHLH,0.0,0.0,0.0,889526.6666666666,0.0,0.0,0.0,0.0,0.0,0.0,0.0,0.0,0.0
KPDWDAAAAA,Zm00001d006677,AC194970.5_FG002, BES1,32241000.0,0.0,1600533.3333333333,0.0,0.0,0.0,0.0,0.0,0.0,0.0,0.0,0.0,0.0
PEAEVTEPQ,Zm00001d042460,GRMZM2G177244, B3,2589700.0,0.0,10205000.0,19915333.333333332,865933.3333333334,0.0,0.0,0.0,0.0,0.0,14884666.666666666,40368666.666666664,335250000.0
AYIAELESLVT,Zm00001d042721,GRMZM5G858197, bZIP,0.0,0.0,0.0,0.0,0.0,0.0,0.0,0.0,0.0,0.0,0.0,21606300.0,10683333.333333334
AYIAELESLVT,Zm00001d042721,GRMZM5G858197, bZIP,0.0,0.0,0.0,0.0,0.0,0.0,0.0,0.0,0.0,0.0,0.0,21606300.0,10683333.333333334
AYIAELESLVT,Zm00001d042721,GRMZM5G858197, bZIP,0.0,0.0,0.0,0.0,0.0,0.0,0.0,0.0,0.0,0.0,0.0,21606300.0,10683333.333333334
TPLASPGPGITPRISM,Zm00001d042287,AC203535.4_FG001, MYB,0.0,0.0,0.0,4660166.666666667,0.0,0.0,0.0,0.0,3999933.3333333335,0.0,0.0,23247333.333333332,38701000.0
VGDSNGASAVGSGGGY,Zm00001d042492,GRMZM2G141638, AP2,0.0,0.0,0.0,0.0,0.0,0.0,0.0,0.0,2781366.6666666665,0.0,0.0,0.0,39245666.666666664
THNAVLA,Zm00001d041160,GRMZM2G004663, Nin-like,0.0,0.0,11589000.0,95957333.33333333,73388966.66666667,16186000.0,13179566.666666666,0.0,16685333.333333334,0.0,63270666.666666664,36664666.666666664,8237266.666666667
AGAGASLRSL,Zm00001d039764,GRMZM2G088443, bHLH,0.0,0.0,0.0,0.0,0.0,0.0,0.0,0.0,0.0,0.0,0.0,19258666.666666668,33154000.0
AGAGASLRSL,Zm00001d039764,GRMZM2G088443, bHLH,0.0,0.0,0.0,0.0,0.0,0.0,0.0,0.0,0.0,0.0,0.0,19258666.666666668,33154000.0
LWPSSPPP,Zm00001d043782,GRMZM2G169654, RAV,0.0,131049000.0,0.0,0.0,6905400.0,0.0,0.0,0.0,45497000.0,14663000.0,0.0,0.0,10277000.0
KYISAAVLAL,Zm00001d039272,GRMZM2G148723, bHLH,2833916.6666666665,0.0,12291533.333333334,4166233.3333333335,1090290.0,7476133.333333333,10430266.666666666,0.0,12554833.333333334,0.0,7270633.333333333,0.0,2255300.0
EEAAGIRLV,Zm00001d044065,GRMZM5G826526, GRAS,0.0,0.0,0.0,0.0,0.0,0.0,0.0,0.0,11146966.666666666,0.0,0.0,0.0,16022666.666666666
LEEPGRQQRRPRDRASHPAAAAAATSHG,Zm00001d041472,GRMZM2G114850, NAC,0.0,0.0,0.0,0.0,0.0,0.0,0.0,0.0,0.0,0.0,0.0,0.0,21911000.0
VPVTLNSGGFPLRL,Zm00001d040301,GRMZM2G069009, C3H,0.0,0.0,0.0,0.0,0.0,0.0,0.0,0.0,0.0,0.0,0.0,0.0,12160333.333333334
VPVTLNSGGFPLRL,Zm00001d040301,GRMZM2G069009, C3H,0.0,0.0,0.0,0.0,0.0,0.0,0.0,0.0,0.0,0.0,0.0,0.0,12160333.333333334
VPVTLNSGGFPLRL,Zm00001d040301,GRMZM2G069009, C3H,0.0,0.0,0.0,0.0,0.0,0.0,0.0,0.0,0.0,0.0,0.0,0.0,12160333.333333334
FSPRRYYGIQ,Zm00001d041926,GRMZM2G069408, bHLH,4587466.666666667,0.0,0.0,0.0,0.0,0.0,0.0,0.0,0.0,0.0,0.0,0.0,0.0
QAAAAAAETAPATATATAPG,Zm00001d044538,GRMZM2G064744, MYB,0.0,64851666.666666664,0.0,0.0,0.0,0.0,0.0,0.0,0.0,0.0,0.0,0.0,0.0
LDTATVVVPSAAAAAASSAGATANEGR,Zm00001d044680,AC194362.3_FG003, WRKY,0.0,0.0,0.0,0.0,0.0,0.0,6567833.333333333,0.0,28429666.666666668,0.0,0.0,52370333.333333336,0.0
EETSPAARPTGGAFKH,Zm00001d039459,GRMZM2G397755, bHLH,0.0,0.0,0.0,26373666.666666668,0.0,2777766.6666666665,16106333.333333334,0.0,0.0,0.0,39332666.666666664,0.0,0.0
GAAAAAVAPPAVVDFGSSSWGS,Zm00001d043060,GRMZM2G059562, WRKY,0.0,0.0,0.0,0.0,0.0,0.0,0.0,0.0,0.0,0.0,13629666.666666666,0.0,0.0
RGVPAAAH,Zm00001d042271,GRMZM2G031493, Trihelix,0.0,0.0,0.0,0.0,0.0,0.0,0.0,0.0,0.0,23817333.333333332,0.0,0.0,0.0
MSILVASRSLVT,Zm00001d041926,GRMZM2G069408, bHLH,0.0,0.0,0.0,0.0,0.0,0.0,0.0,0.0,30893333.333333332,0.0,0.0,0.0,0.0
LAAAASTSPPV,Zm00001d042717,GRMZM2G149756, ERF,0.0,0.0,0.0,0.0,0.0,0.0,0.0,0.0,26829000.0,0.0,0.0,0.0,0.0
RQANFKGANLLGASF,Zm00001d008612,GRMZM2G010929, WOX,52800666.666666664,0.0,0.0,31807333.333333332,69593666.66666667,23167000.0,24773333.333333332,0.0,62844000.0,0.0,42242066.666666664,295850000.0,103130000.0
VTFAASVE,Zm00001d010309,GRMZM2G109354, SBP,0.0,0.0,954466.6666666666,37983333.333333336,8501733.333333334,2330200.0,32775000.0,0.0,79755666.66666667,0.0,3289366.6666666665,259733333.33333334,170413333.33333334
RALGKLNWPSE,Zm00001d012504,GRMZM2G402862, bZIP,0.0,0.0,0.0,0.0,8555333.333333334,0.0,0.0,0.0,152346666.66666666,0.0,0.0,0.0,19062400.0
GALPPEAPVP,Zm00001d010785,GRMZM2G135381, GATA,0.0,0.0,0.0,0.0,0.0,0.0,0.0,0.0,9500000.0,0.0,0.0,0.0,18504333.333333332
DLSDADLRGADLSL,Zm00001d008612,GRMZM2G010929, WOX,0.0,0.0,0.0,0.0,0.0,8337933.333333333,0.0,0.0,0.0,0.0,0.0,0.0,8668433.333333334
LSVSGLADGDFSGG,Zm00001d010785,GRMZM2G135381, GATA,0.0,0.0,0.0,0.0,0.0,0.0,0.0,0.0,0.0,0.0,0.0,0.0,15675666.666666666
APAEAEAGKLRLLHQAPPPAPA,Zm00001d012419,GRMZM2G339751, WOX,0.0,0.0,0.0,0.0,0.0,0.0,0.0,0.0,0.0,0.0,0.0,0.0,70011666.66666667
ELPEAGQ,Zm00001d008869,AC187157.4_FG005, HD-ZIP,0.0,0.0,0.0,0.0,0.0,0.0,0.0,0.0,0.0,0.0,0.0,0.0,6514400.0
QQLLPLSAAPLLPGMPP,Zm00001d011058,GRMZM5G880268, Dof,0.0,0.0,0.0,14765666.666666666,10904333.333333334,0.0,0.0,0.0,0.0,0.0,21404000.0,0.0,0.0
GGRGASRRQEAEVRQAAAAAAADPG,Zm00001d012516,GRMZM5G805026, WOX,0.0,34905333.333333336,46383666.666666664,0.0,63933000.0,0.0,0.0,0.0,0.0,0.0,0.0,0.0,0.0
GGRGASRRQEAEVRQAAAAAAADPG,Zm00001d012516,GRMZM5G805026, WOX,0.0,34905333.333333336,46383666.666666664,0.0,63933000.0,0.0,0.0,0.0,0.0,0.0,0.0,0.0,0.0
SVVATEIGQEGQE,Zm00001d012504,GRMZM2G402862, bZIP,7992133.333333333,0.0,0.0,16773666.666666666,0.0,3122566.6666666665,2114333.3333333335,0.0,33818666.666666664,0.0,0.0,64395333.333333336,0.0
GGGGGAAAAET,Zm00001d010175,GRMZM2G457562, ERF,7406866.666666667,0.0,0.0,896713.3333333334,1629000.0,0.0,0.0,0.0,2173466.6666666665,0.0,1469010.0,2651533.3333333335,0.0
EGGPPQLRI,Zm00001d011070,GRMZM2G346706, GRAS,0.0,0.0,0.0,0.0,0.0,0.0,0.0,0.0,2221066.6666666665,0.0,0.0,1283433.3333333333,0.0
GEIKPEEAQEIWKVM,Zm00001d012504,GRMZM2G402862, bZIP,0.0,0.0,0.0,0.0,0.0,0.0,0.0,0.0,0.0,0.0,5381466.666666667,0.0,0.0
MLAGSTSALRFG,Zm00001d012504,GRMZM2G402862, bZIP,0.0,0.0,0.0,0.0,0.0,0.0,0.0,0.0,0.0,101269333.33333333,0.0,0.0,0.0
PRFLLGAACGGGDDEPRPSAT,Zm00001d008205,GRMZM2G387528, bHLH,0.0,0.0,0.0,0.0,0.0,0.0,0.0,0.0,0.0,173893666.66666666,0.0,0.0,0.0
NAAAPQSSATSTPPPPT,Zm00001d011223,GRMZM2G027333, C2H2,0.0,0.0,0.0,0.0,0.0,0.0,8212333.333333333,0.0,4997800.0,0.0,0.0,0.0,0.0
YRIAAGSPKEL,Zm00001d012504,GRMZM2G402862, bZIP,0.0,0.0,0.0,0.0,11406666.666666666,0.0,0.0,0.0,80919666.66666667,0.0,0.0,0.0,0.0
AARVYDAAAVQLRGANATTNF,Zm00001d011499,GRMZM2G151542, ERF,0.0,0.0,0.0,0.0,0.0,0.0,0.0,0.0,39983666.666666664,0.0,0.0,0.0,0.0
KIEEDEKVADKNC,Zm00001d010967,GRMZM2G089406, MYB_related,0.0,0.0,0.0,0.0,0.0,0.0,0.0,0.0,1690450.0,0.0,0.0,0.0,0.0
MMAARNSPDSIKDITTTF,Zm00001d012504,GRMZM2G402862, bZIP,0.0,0.0,0.0,0.0,0.0,0.0,0.0,0.0,36276666.666666664,0.0,0.0,0.0,0.0
QAYDVYSERTREVL,Zm00001d012504,GRMZM2G402862, bZIP,0.0,0.0,0.0,0.0,0.0,0.0,0.0,0.0,22980266.666666668,0.0,0.0,0.0,0.0
QREAEELQPVPMVVEPEHGEESAGSHDHHLQLQ,Zm00001d010751,GRMZM2G073044, LBD,0.0,0.0,0.0,0.0,0.0,0.0,0.0,0.0,25967000.0,0.0,0.0,0.0,0.0
TEIGQEGQEYL,Zm00001d012504,GRMZM2G402862, bZIP,0.0,0.0,0.0,0.0,0.0,0.0,0.0,0.0,30215666.666666668,0.0,0.0,0.0,0.0
EGEGSGAARVDMNGGGGYGFTYS,Zm00001d010264,GRMZM2G096064, LBD,0.0,0.0,0.0,0.0,0.0,0.0,0.0,0.0,4374166.666666667,0.0,0.0,0.0,0.0
LQAAGKEGIEGPSLVQRDHDV,Zm00001d011355,GRMZM2G039889, C3H,0.0,0.0,0.0,0.0,0.0,0.0,0.0,0.0,11373000.0,0.0,0.0,0.0,0.0
LQAAGKEGIEGPSLVQRDHDV,Zm00001d011355,GRMZM2G039889, C3H,0.0,0.0,0.0,0.0,0.0,0.0,0.0,0.0,11373000.0,0.0,0.0,0.0,0.0
LQAAGKEGIEGPSLVQRDHDV,Zm00001d011355,GRMZM2G039889, C3H,0.0,0.0,0.0,0.0,0.0,0.0,0.0,0.0,11373000.0,0.0,0.0,0.0,0.0
LQAAGKEGIEGPSLVQRDHDV,Zm00001d011355,GRMZM2G039889, C3H,0.0,0.0,0.0,0.0,0.0,0.0,0.0,0.0,11373000.0,0.0,0.0,0.0,0.0
LQAAGKEGIEGPSLVQRDHDV,Zm00001d011355,GRMZM2G039889, C3H,0.0,0.0,0.0,0.0,0.0,0.0,0.0,0.0,11373000.0,0.0,0.0,0.0,0.0
LQAAGKEGIEGPSLVQRDHDV,Zm00001d011355,GRMZM2G039889, C3H,0.0,0.0,0.0,0.0,0.0,0.0,0.0,0.0,11373000.0,0.0,0.0,0.0,0.0
YKVEQPIEGDE,Zm00001d011139,GRMZM2G100146, C2H2,0.0,0.0,0.0,0.0,0.0,0.0,0.0,0.0,1044456.6666666666,0.0,0.0,0.0,0.0
FTDVPLRDD,Zm00001d008612,GRMZM2G010929, WOX,0.0,0.0,0.0,0.0,0.0,0.0,15799666.666666666,0.0,0.0,0.0,0.0,0.0,0.0
GALATGNTSFK,Zm00001d008612,GRMZM2G010929, WOX,0.0,0.0,0.0,0.0,0.0,0.0,11823000.0,0.0,0.0,0.0,0.0,0.0,0.0
LRGADLSLANL,Zm00001d008612,GRMZM2G010929, WOX,0.0,0.0,0.0,0.0,0.0,0.0,31300666.666666668,0.0,0.0,0.0,0.0,0.0,0.0
QAKAAPPP,Zm00001d011953,GRMZM2G116557, ARF,0.0,0.0,0.0,0.0,0.0,1868200.0,0.0,0.0,0.0,0.0,0.0,0.0,0.0
QAKAAPPP,Zm00001d011953,GRMZM2G116557, ARF,0.0,0.0,0.0,0.0,0.0,1868200.0,0.0,0.0,0.0,0.0,0.0,0.0,0.0
QAKAAPPP,Zm00001d011953,GRMZM2G116557, ARF,0.0,0.0,0.0,0.0,0.0,1868200.0,0.0,0.0,0.0,0.0,0.0,0.0,0.0
QAKAAPPP,Zm00001d011953,GRMZM2G116557, ARF,0.0,0.0,0.0,0.0,0.0,1868200.0,0.0,0.0,0.0,0.0,0.0,0.0,0.0
SEAALLTLS,Zm00001d012427,GRMZM2G112799, C2H2,0.0,52403666.666666664,0.0,0.0,0.0,0.0,0.0,0.0,0.0,0.0,0.0,0.0,0.0
AAAAADTKPPAPAAQV,Zm00001d052397,GRMZM2G162434, MYB,4587600.0,0.0,0.0,0.0,13443000.0,0.0,0.0,0.0,63572333.333333336,0.0,7812000.0,0.0,193563333.33333334
KLEGRAGGF,Zm00001d050861,AC210616.4_FG005, EIL,2424500.0,0.0,1031833.3333333334,0.0,13390333.333333334,2210200.0,19765000.0,0.0,66798000.0,0.0,0.0,0.0,50101000.0
KAVADDAPPAPGAPV,Zm00001d052564,GRMZM2G439903, NAC,0.0,0.0,0.0,0.0,2451633.3333333335,0.0,0.0,0.0,7629500.0,0.0,0.0,0.0,151873333.33333334
ALAARGAAAVLN,Zm00001d049058,GRMZM5G837876, ERF,0.0,0.0,0.0,0.0,0.0,0.0,0.0,0.0,5114600.0,0.0,0.0,0.0,125195666.66666667
KAAAALVDDAFHMRQE,Zm00001d048889,GRMZM2G095982, LBD,0.0,0.0,0.0,0.0,0.0,0.0,0.0,0.0,24103000.0,0.0,0.0,0.0,11869333.333333334
KSAVRVGGGGAGAESASTNK,Zm00001d053151,GRMZM2G458728, TALE,0.0,0.0,0.0,0.0,0.0,0.0,0.0,0.0,0.0,0.0,0.0,0.0,18160666.666666668
KSAVRVGGGGAGAESASTNK,Zm00001d053151,GRMZM2G458728, TALE,0.0,0.0,0.0,0.0,0.0,0.0,0.0,0.0,0.0,0.0,0.0,0.0,18160666.666666668
KSAVRVGGGGAGAESASTNK,Zm00001d053151,GRMZM2G458728, TALE,0.0,0.0,0.0,0.0,0.0,0.0,0.0,0.0,0.0,0.0,0.0,0.0,18160666.666666668
KSAVRVGGGGAGAESASTNK,Zm00001d053151,GRMZM2G458728, TALE,0.0,0.0,0.0,0.0,0.0,0.0,0.0,0.0,0.0,0.0,0.0,0.0,18160666.666666668
KSAVRVGGGGAGAESASTNK,Zm00001d053151,GRMZM2G458728, TALE,0.0,0.0,0.0,0.0,0.0,0.0,0.0,0.0,0.0,0.0,0.0,0.0,18160666.666666668
KSAVRVGGGGAGAESASTNK,Zm00001d053151,GRMZM2G458728, TALE,0.0,0.0,0.0,0.0,0.0,0.0,0.0,0.0,0.0,0.0,0.0,0.0,18160666.666666668
KSAVRVGGGGAGAESASTNK,Zm00001d053151,GRMZM2G458728, TALE,0.0,0.0,0.0,0.0,0.0,0.0,0.0,0.0,0.0,0.0,0.0,0.0,18160666.666666668
GAARAGDGEAGLHRGAVGRN,Zm00001d052229,GRMZM2G029323, ERF,0.0,0.0,0.0,0.0,33056666.666666668,5593966.666666667,0.0,0.0,0.0,0.0,0.0,0.0,0.0
VAWDVLLGTDVEVV,Zm00001d048991,AC198403.3_FG001, ERF,0.0,0.0,0.0,0.0,0.0,0.0,0.0,0.0,129948333.33333333,0.0,10023666.666666666,18488666.666666668,0.0
QPGFRPAARIDET,Zm00001d048603,GRMZM5G868355, GRAS,0.0,0.0,0.0,0.0,0.0,0.0,9448133.333333334,0.0,16750333.333333334,0.0,6411900.0,21126666.666666668,0.0
AQAAAAARQQHEEVSHR,Zm00001d053151,GRMZM2G458728, TALE,62807000.0,0.0,0.0,37918000.0,324376666.6666667,0.0,0.0,0.0,1473352666.6666634,0.0,11988900.0,614106666.6666666,0.0
AQAAAAARQQHEEVSHR,Zm00001d053151,GRMZM2G458728, TALE,62807000.0,0.0,0.0,37918000.0,324376666.6666667,0.0,0.0,0.0,1473352666.6666634,0.0,11988900.0,614106666.6666666,0.0
AQAAAAARQQHEEVSHR,Zm00001d053151,GRMZM2G458728, TALE,62807000.0,0.0,0.0,37918000.0,324376666.6666667,0.0,0.0,0.0,1473352666.6666634,0.0,11988900.0,614106666.6666666,0.0
AQAAAAARQQHEEVSHR,Zm00001d053151,GRMZM2G458728, TALE,62807000.0,0.0,0.0,37918000.0,324376666.6666667,0.0,0.0,0.0,1473352666.6666634,0.0,11988900.0,614106666.6666666,0.0
AQAAAAARQQHEEVSHR,Zm00001d053151,GRMZM2G458728, TALE,62807000.0,0.0,0.0,37918000.0,324376666.6666667,0.0,0.0,0.0,1473352666.6666634,0.0,11988900.0,614106666.6666666,0.0
AQAAAAARQQHEEVSHR,Zm00001d053151,GRMZM2G458728, TALE,62807000.0,0.0,0.0,37918000.0,324376666.6666667,0.0,0.0,0.0,1473352666.6666634,0.0,11988900.0,614106666.6666666,0.0
AQAAAAARQQHEEVSHR,Zm00001d053151,GRMZM2G458728, TALE,62807000.0,0.0,0.0,37918000.0,324376666.6666667,0.0,0.0,0.0,1473352666.6666634,0.0,11988900.0,614106666.6666666,0.0
DDGGGGALAAARSKKGPPSS,Zm00001d053397,GRMZM2G164359, C3H,0.0,0.0,0.0,0.0,7879333.333333333,0.0,0.0,0.0,0.0,0.0,0.0,18412333.333333332,0.0
QQAQPRHQAPRGLAGAGAGDGGHGVAA,Zm00001d049000,GRMZM2G068330, ZF-HD,0.0,0.0,0.0,0.0,69825000.0,0.0,0.0,0.0,0.0,0.0,0.0,0.0,0.0
QQAQPRHQAPRGLAGAGAGDGGHGVAA,Zm00001d049000,GRMZM2G068330, ZF-HD,0.0,0.0,0.0,0.0,69825000.0,0.0,0.0,0.0,0.0,0.0,0.0,0.0,0.0
QQAQPRHQAPRGLAGAGAGDGGHGVAA,Zm00001d049000,GRMZM2G068330, ZF-HD,0.0,0.0,0.0,0.0,69825000.0,0.0,0.0,0.0,0.0,0.0,0.0,0.0,0.0
QQAQPRHQAPRGLAGAGAGDGGHGVAA,Zm00001d049000,GRMZM2G068330, ZF-HD,0.0,0.0,0.0,0.0,69825000.0,0.0,0.0,0.0,0.0,0.0,0.0,0.0,0.0
EPEASSSLSEVATPED,Zm00001d051371,GRMZM2G114660, C2H2,0.0,0.0,0.0,2995000.0,5608633.333333333,0.0,0.0,0.0,0.0,0.0,2968733.3333333335,0.0,0.0
TRPMDVPSR,Zm00001d049991,GRMZM2G423292, GeBP,6207233.333333333,0.0,16947666.666666668,1923533.3333333333,15050666.666666666,0.0,0.0,0.0,0.0,0.0,5796000.0,0.0,0.0
ADAARNAAAAAARQQ,Zm00001d052152,GRMZM2G011110, ERF,0.0,0.0,0.0,0.0,0.0,0.0,0.0,0.0,0.0,17837000.0,0.0,0.0,0.0
EIKSVLLQSAGFHGGVMP,Zm00001d049294,GRMZM2G033356, bHLH,0.0,0.0,0.0,0.0,0.0,0.0,0.0,0.0,45037000.0,0.0,0.0,0.0,0.0
SAVAQRIGVY,Zm00001d050552,GRMZM2G028766, C2H2,0.0,0.0,0.0,0.0,0.0,0.0,0.0,0.0,15778000.0,0.0,0.0,0.0,0.0
SAVAQRIGVY,Zm00001d050552,GRMZM2G028766, C2H2,0.0,0.0,0.0,0.0,0.0,0.0,0.0,0.0,15778000.0,0.0,0.0,0.0,0.0
YNLSEAIWGEKAM,Zm00001d053298,GRMZM2G125239, GeBP,0.0,0.0,0.0,0.0,0.0,0.0,0.0,0.0,21517000.0,0.0,0.0,0.0,0.0
YNLSEAIWGEKAM,Zm00001d053298,GRMZM2G125239, GeBP,0.0,0.0,0.0,0.0,0.0,0.0,0.0,0.0,21517000.0,0.0,0.0,0.0,0.0
YNLSEAIWGEKAM,Zm00001d053298,GRMZM2G125239, GeBP,0.0,0.0,0.0,0.0,0.0,0.0,0.0,0.0,21517000.0,0.0,0.0,0.0,0.0
RCAIQVPCYSSK,Zm00001d048603,GRMZM5G868355, GRAS,0.0,0.0,0.0,0.0,0.0,0.0,0.0,0.0,12132666.666666666,0.0,0.0,0.0,0.0
KVDAIADVD,Zm00001d049913,GRMZM2G125777, NAC,0.0,0.0,0.0,0.0,0.0,0.0,46180333.333333336,0.0,7872666.666666667,0.0,0.0,0.0,0.0
AANMMLLN,Zm00001d053151,GRMZM2G458728, TALE,457803.3333333333,0.0,323030.0,0.0,0.0,0.0,0.0,0.0,32401333.333333332,0.0,0.0,0.0,0.0
AANMMLLN,Zm00001d053151,GRMZM2G458728, TALE,457803.3333333333,0.0,323030.0,0.0,0.0,0.0,0.0,0.0,32401333.333333332,0.0,0.0,0.0,0.0
AANMMLLN,Zm00001d053151,GRMZM2G458728, TALE,457803.3333333333,0.0,323030.0,0.0,0.0,0.0,0.0,0.0,32401333.333333332,0.0,0.0,0.0,0.0
AANMMLLN,Zm00001d053151,GRMZM2G458728, TALE,457803.3333333333,0.0,323030.0,0.0,0.0,0.0,0.0,0.0,32401333.333333332,0.0,0.0,0.0,0.0
AANMMLLN,Zm00001d053151,GRMZM2G458728, TALE,457803.3333333333,0.0,323030.0,0.0,0.0,0.0,0.0,0.0,32401333.333333332,0.0,0.0,0.0,0.0
AANMMLLN,Zm00001d053151,GRMZM2G458728, TALE,457803.3333333333,0.0,323030.0,0.0,0.0,0.0,0.0,0.0,32401333.333333332,0.0,0.0,0.0,0.0
AANMMLLN,Zm00001d053151,GRMZM2G458728, TALE,457803.3333333333,0.0,323030.0,0.0,0.0,0.0,0.0,0.0,32401333.333333332,0.0,0.0,0.0,0.0
STFSNAVPT,Zm00001d053819,GRMZM2G028980, ARF,0.0,0.0,0.0,0.0,4397633.333333333,0.0,0.0,0.0,0.0,0.0,0.0,0.0,0.0
QSSAAAAAAPAGSSG,Zm00001d053020,GRMZM2G003944, TCP,0.0,0.0,1030880.0,0.0,0.0,0.0,0.0,0.0,0.0,0.0,0.0,0.0,0.0
TPHPAKGKTIVN,Zm00001d038832,GRMZM2G159032, C2H2,0.0,0.0,3876833.3333333335,0.0,0.0,0.0,0.0,0.0,23012000.0,0.0,0.0,7269366.666666667,431363333.3333333
TPHPAKGKTIVN,Zm00001d038832,GRMZM2G159032, C2H2,0.0,0.0,3876833.3333333335,0.0,0.0,0.0,0.0,0.0,23012000.0,0.0,0.0,7269366.666666667,431363333.3333333
TPHPAKGKTIVN,Zm00001d038832,GRMZM2G159032, C2H2,0.0,0.0,3876833.3333333335,0.0,0.0,0.0,0.0,0.0,23012000.0,0.0,0.0,7269366.666666667,431363333.3333333
ISSFDINSEEGK,Zm00001d036148,GRMZM2G155662, Whirly,0.0,0.0,15017333.333333334,0.0,0.0,0.0,0.0,0.0,0.0,0.0,0.0,840466.6666666666,124383333.33333333
ISSFDINSEEGK,Zm00001d036148,GRMZM2G155662, Whirly,0.0,0.0,15017333.333333334,0.0,0.0,0.0,0.0,0.0,0.0,0.0,0.0,840466.6666666666,124383333.33333333
ISSFDINSEEGK,Zm00001d036148,GRMZM2G155662, Whirly,0.0,0.0,15017333.333333334,0.0,0.0,0.0,0.0,0.0,0.0,0.0,0.0,840466.6666666666,124383333.33333333
ISSFDINSEEGK,Zm00001d036148,GRMZM2G155662, Whirly,0.0,0.0,15017333.333333334,0.0,0.0,0.0,0.0,0.0,0.0,0.0,0.0,840466.6666666666,124383333.33333333
AVPSFMRSAF,Zm00001d038698,GRMZM2G441325, ARF,0.0,0.0,0.0,0.0,0.0,0.0,2457166.6666666665,0.0,0.0,0.0,0.0,0.0,77722333.33333333
DQELLEQLP,Zm00001d038878,GRMZM2G175232, MYB,0.0,0.0,0.0,3607166.6666666665,0.0,0.0,0.0,0.0,0.0,0.0,0.0,0.0,0.0
FDMLAKCL,Zm00001d037786,GRMZM2G176655, Nin-like,0.0,6613900.0,0.0,0.0,3594866.6666666665,0.0,0.0,0.0,0.0,0.0,0.0,0.0,0.0
QPNSAVNGVGV,Zm00001d037098,GRMZM2G116785, bHLH,0.0,0.0,0.0,5197600.0,0.0,0.0,0.0,0.0,0.0,0.0,2410633.3333333335,0.0,0.0
KALEGEQDVHVVD,Zm00001d037901,GRMZM5G889326, GRAS,5332300.0,0.0,0.0,0.0,921956.6666666666,0.0,0.0,0.0,0.0,0.0,0.0,0.0,0.0
QAGDTLIIYKNS,Zm00001d034965,GRMZM2G405699, B3,0.0,6002200.0,0.0,0.0,0.0,0.0,0.0,0.0,0.0,0.0,0.0,0.0,0.0
QAGDTLIIYKNS,Zm00001d034965,GRMZM2G405699, B3,0.0,6002200.0,0.0,0.0,0.0,0.0,0.0,0.0,0.0,0.0,0.0,0.0,0.0
QAGDTLIIYKNS,Zm00001d034965,GRMZM2G405699, B3,0.0,6002200.0,0.0,0.0,0.0,0.0,0.0,0.0,0.0,0.0,0.0,0.0,0.0
YPVSPANMTF,Zm00001d037786,GRMZM2G176655, Nin-like,10596833.333333334,0.0,0.0,0.0,0.0,0.0,0.0,0.0,0.0,0.0,0.0,0.0,0.0
VPQSTPMSI,Zm00001d014690,GRMZM2G317900, ARF,0.0,0.0,0.0,0.0,13708666.666666666,0.0,0.0,0.0,0.0,0.0,0.0,4539533.333333333,23278000.0
GQGDRLAAAAGE,Zm00001d017602,GRMZM2G045977, GRF,0.0,0.0,1620800.0,0.0,0.0,13898400.0,18298333.333333332,0.0,0.0,0.0,0.0,0.0,122143333.33333333
PDVLSVSGLDFPGAD,Zm00001d015421,GRMZM2G098904, bZIP,0.0,0.0,0.0,0.0,0.0,0.0,13500000.0,0.0,0.0,0.0,0.0,53017000.0,22619666.666666668
PDVLSVSGLDFPGAD,Zm00001d015421,GRMZM2G098904, bZIP,0.0,0.0,0.0,0.0,0.0,0.0,13500000.0,0.0,0.0,0.0,0.0,53017000.0,22619666.666666668
YELHPVEHHH,Zm00001d013070,GRMZM2G302549, MYB,0.0,0.0,0.0,2956766.6666666665,0.0,0.0,0.0,0.0,0.0,0.0,0.0,28258000.0,0.0
AANSNSAAAAAAAAA,Zm00001d014762,GRMZM2G097683, SRS,0.0,0.0,46246833.333333336,0.0,4197033.333333333,0.0,0.0,0.0,0.0,0.0,0.0,15707000.0,0.0
VEMPLPFSPVGGAGQRISL,Zm00001d013849,GRMZM2G414159, Trihelix,0.0,0.0,4098866.6666666665,94375000.0,255954666.66666666,0.0,0.0,0.0,58404333.333333336,0.0,125352666.66666667,0.0,0.0
AGGDVVVVHG,Zm00001d013783,GRMZM2G178767, Dof,0.0,0.0,1041266.6666666666,0.0,0.0,0.0,31978333.333333332,28051333.333333332,49933333.333333336,0.0,0.0,0.0,0.0
LAEQMAMTLT,Zm00001d015515,GRMZM2G120320, WRKY,0.0,0.0,733100.0,0.0,3390833.3333333335,0.0,0.0,0.0,20433666.666666668,0.0,0.0,0.0,0.0
QEAAQPPAAAHT,Zm00001d014705,GRMZM2G089050, C3H,4221800.0,0.0,13120280.0,0.0,0.0,0.0,0.0,0.0,16097333.333333334,0.0,0.0,0.0,0.0
QQKLIIDMQQ,Zm00001d014690,GRMZM2G317900, ARF,0.0,0.0,0.0,0.0,0.0,0.0,2015766.6666666667,0.0,0.0,0.0,0.0,0.0,0.0
KAKLEVSSFPSEQRNH,Zm00001d033553,GRMZM2G068476, C3H,0.0,0.0,0.0,0.0,0.0,0.0,0.0,0.0,22365466.666666668,0.0,0.0,12188000.0,54337000.0
LVEAAAETLSTF,Zm00001d028066,GRMZM2G703514, AP2,0.0,0.0,0.0,0.0,0.0,0.0,0.0,0.0,42102333.333333336,0.0,0.0,0.0,95454666.66666667
LVEAAAETLSTF,Zm00001d028066,GRMZM2G703514, AP2,0.0,0.0,0.0,0.0,0.0,0.0,0.0,0.0,42102333.333333336,0.0,0.0,0.0,95454666.66666667
LVEAAAETLSTF,Zm00001d028066,GRMZM2G703514, AP2,0.0,0.0,0.0,0.0,0.0,0.0,0.0,0.0,42102333.333333336,0.0,0.0,0.0,95454666.66666667
LVEAAAETLSTF,Zm00001d028066,GRMZM2G703514, AP2,0.0,0.0,0.0,0.0,0.0,0.0,0.0,0.0,42102333.333333336,0.0,0.0,0.0,95454666.66666667
SIIHANVLP,Zm00001d033412,GRMZM2G120021, bHLH,0.0,0.0,0.0,4556333.333333333,21789700.0,317020.0,0.0,0.0,10163766.666666666,0.0,0.0,0.0,31925333.333333332
VDVSTLLEEP,Zm00001d030364,GRMZM2G076327, LBD,0.0,0.0,0.0,5582966.666666667,5789966.666666667,0.0,0.0,0.0,0.0,0.0,0.0,2392933.3333333335,15558333.333333334
KPTAGME,Zm00001d033965,GRMZM2G018487, WRKY,5457500.0,0.0,3706466.6666666665,0.0,26031333.333333332,4164600.0,19777166.666666668,0.0,99850333.33333333,0.0,7288166.666666667,0.0,14334333.333333334
KPTAGME,Zm00001d033965,GRMZM2G018487, WRKY,5457500.0,0.0,3706466.6666666665,0.0,26031333.333333332,4164600.0,19777166.666666668,0.0,99850333.33333333,0.0,7288166.666666667,0.0,14334333.333333334
ATFPSLQALRE,Zm00001d033412,GRMZM2G120021, bHLH,0.0,0.0,0.0,0.0,6494433.333333333,0.0,0.0,0.0,34569333.333333336,0.0,4323666.666666667,0.0,77766666.66666667
RVARELLLLRAVHNEA,Zm00001d033347,GRMZM2G017319, LBD,0.0,0.0,0.0,0.0,0.0,0.0,0.0,0.0,0.0,0.0,0.0,0.0,14003000.0
NVRSDGKQLTEGVP,Zm00001d034651,GRMZM2G017470, Dof,0.0,0.0,0.0,0.0,0.0,0.0,0.0,0.0,0.0,0.0,0.0,0.0,16912000.0
AGRGAEGPGRRALLQPPAAAAAAAAA,Zm00001d033898,GRMZM2G396114, TALE,0.0,0.0,0.0,4768200.0,22041333.333333332,0.0,0.0,0.0,0.0,2115833333.3333333,0.0,120112333.33333333,0.0
AGRGAEGPGRRALLQPPAAAAAAAAA,Zm00001d033898,GRMZM2G396114, TALE,0.0,0.0,0.0,4768200.0,22041333.333333332,0.0,0.0,0.0,0.0,2115833333.3333333,0.0,120112333.33333333,0.0
VMPPTLAASVAMASSTGT,Zm00001d027870,GRMZM2G419901, ERF,0.0,0.0,0.0,0.0,0.0,0.0,0.0,0.0,0.0,27151400.0,0.0,0.0,0.0
LSDQNRVGWKL,Zm00001d031522,GRMZM2G169820, ARF,0.0,0.0,0.0,0.0,0.0,0.0,2392723333.333327,0.0,24567666.666666668,0.0,0.0,41022000.0,0.0
YSRLAEPGSAMGR,Zm00001d030028,GRMZM2G001930, bHLH,1521833.3333333333,0.0,1487666.6666666667,0.0,12187733.333333334,266480.0,0.0,0.0,9041166.666666666,0.0,0.0,22052633.333333332,0.0
ENGGEKMAI,Zm00001d029489,GRMZM2G037630, NF-YA,3584333.3333333335,0.0,0.0,5196333.333333333,7727000.0,0.0,0.0,0.0,44402000.0,0.0,7850333.333333333,17613666.666666668,0.0
INDGGLYRLG,Zm00001d033859,GRMZM2G017087, TALE,0.0,0.0,0.0,6496933.333333333,8360566.666666667,6568033.333333333,0.0,0.0,15256666.666666666,0.0,8740433.333333334,4635866.666666667,0.0
INDGGLYRLG,Zm00001d033859,GRMZM2G017087, TALE,0.0,0.0,0.0,6496933.333333333,8360566.666666667,6568033.333333333,0.0,0.0,15256666.666666666,0.0,8740433.333333334,4635866.666666667,0.0
INDGGLYRLG,Zm00001d033859,GRMZM2G017087, TALE,0.0,0.0,0.0,6496933.333333333,8360566.666666667,6568033.333333333,0.0,0.0,15256666.666666666,0.0,8740433.333333334,4635866.666666667,0.0
TEPATVVNSHDIST,Zm00001d031487,GRMZM2G169270, SBP,656480.0,0.0,5394766.666666667,0.0,17209666.666666668,0.0,0.0,0.0,30713666.666666668,0.0,0.0,7148666.666666667,0.0
TEPATVVNSHDIST,Zm00001d031487,GRMZM2G169270, SBP,656480.0,0.0,5394766.666666667,0.0,17209666.666666668,0.0,0.0,0.0,30713666.666666668,0.0,0.0,7148666.666666667,0.0
AAKAPKQEMMDAAAMPPFQQ,Zm00001d033848,GRMZM2G019806, bHLH,0.0,0.0,0.0,0.0,0.0,0.0,0.0,0.0,224353333.33333334,0.0,0.0,21225666.666666668,0.0
MVVPPATESAAAAAAAASAEEAV,Zm00001d031501,GRMZM2G033656, ERF,3904033.3333333335,0.0,0.0,0.0,0.0,0.0,0.0,0.0,0.0,0.0,0.0,9454000.0,0.0
DAATFAIDAALA,Zm00001d029287,GRMZM2G026417, GeBP,0.0,0.0,0.0,20063666.666666668,6899500.0,0.0,0.0,0.0,0.0,0.0,28099333.333333332,0.0,0.0
SPQQKLLQAS,Zm00001d028537,GRMZM2G093305, C2H2,283620.0,0.0,11328233.333333334,3489566.6666666665,1482696.6666666667,0.0,0.0,0.0,0.0,0.0,601076.6666666666,0.0,0.0
SPQQKLLQAS,Zm00001d028537,GRMZM2G093305, C2H2,283620.0,0.0,11328233.333333334,3489566.6666666665,1482696.6666666667,0.0,0.0,0.0,0.0,0.0,601076.6666666666,0.0,0.0
PSASPAMAAVQRNS,Zm00001d034475,GRMZM2G164082, WRKY,0.0,0.0,0.0,0.0,7082466.666666667,0.0,0.0,0.0,0.0,0.0,8400066.666666666,0.0,0.0
PQPAAPAPT,Zm00001d027335,GRMZM2G314660, Trihelix,12905333.333333334,0.0,1516550.0,10554300.0,30184333.333333332,0.0,0.0,0.0,144360000.0,0.0,7646000.0,0.0,0.0
PQPAAPAPT,Zm00001d027335,GRMZM2G314660, Trihelix,12905333.333333334,0.0,1516550.0,10554300.0,30184333.333333332,0.0,0.0,0.0,144360000.0,0.0,7646000.0,0.0,0.0
LAAARTTSPRHPPRRQ,Zm00001d029506,GRMZM2G060544, LBD,11749333.333333334,0.0,0.0,0.0,195640666.66666666,0.0,0.0,87924333.33333333,26266333.333333332,0.0,0.0,0.0,0.0
AAAPPAEDRGAGE,Zm00001d032190,GRMZM2G117193, G2-like,4691466.666666667,0.0,0.0,6193200.0,11159333.333333334,0.0,0.0,12386033.333333334,0.0,0.0,0.0,0.0,0.0
AAAPPAEDRGAGE,Zm00001d032190,GRMZM2G117193, G2-like,4691466.666666667,0.0,0.0,6193200.0,11159333.333333334,0.0,0.0,12386033.333333334,0.0,0.0,0.0,0.0,0.0
AAAPPAEDRGAGE,Zm00001d032190,GRMZM2G117193, G2-like,4691466.666666667,0.0,0.0,6193200.0,11159333.333333334,0.0,0.0,12386033.333333334,0.0,0.0,0.0,0.0,0.0
GGGVAVITGAEAAAVPGRAL,Zm00001d027546,GRMZM2G173372, bHLH,0.0,0.0,0.0,0.0,0.0,0.0,0.0,0.0,0.0,45976333.333333336,0.0,0.0,0.0
GGGVAVITGAEAAAVPGRAL,Zm00001d027546,GRMZM2G173372, bHLH,0.0,0.0,0.0,0.0,0.0,0.0,0.0,0.0,0.0,45976333.333333336,0.0,0.0,0.0
SRLGAGPKVVVDEGQALIDSVTGLPKGV,Zm00001d033945,GRMZM2G396451, GATA,0.0,0.0,0.0,0.0,0.0,0.0,0.0,0.0,0.0,23061333.333333332,0.0,0.0,0.0
SRLGAGPKVVVDEGQALIDSVTGLPKGV,Zm00001d033945,GRMZM2G396451, GATA,0.0,0.0,0.0,0.0,0.0,0.0,0.0,0.0,0.0,23061333.333333332,0.0,0.0,0.0
KAGDARAKRE,Zm00001d028297,GRMZM2G180452, bHLH,0.0,0.0,0.0,0.0,0.0,0.0,0.0,0.0,0.0,21391333.333333332,0.0,0.0,0.0
KAGDARAKRE,Zm00001d028297,GRMZM2G180452, bHLH,0.0,0.0,0.0,0.0,0.0,0.0,0.0,0.0,0.0,21391333.333333332,0.0,0.0,0.0
KAGDARAKRE,Zm00001d028297,GRMZM2G180452, bHLH,0.0,0.0,0.0,0.0,0.0,0.0,0.0,0.0,0.0,21391333.333333332,0.0,0.0,0.0
KAGDARAKRE,Zm00001d028297,GRMZM2G180452, bHLH,0.0,0.0,0.0,0.0,0.0,0.0,0.0,0.0,0.0,21391333.333333332,0.0,0.0,0.0
KAGDARAKRE,Zm00001d028297,GRMZM2G180452, bHLH,0.0,0.0,0.0,0.0,0.0,0.0,0.0,0.0,0.0,21391333.333333332,0.0,0.0,0.0
KAGDARAKRE,Zm00001d028297,GRMZM2G180452, bHLH,0.0,0.0,0.0,0.0,0.0,0.0,0.0,0.0,0.0,21391333.333333332,0.0,0.0,0.0
GVAAAAADASGDGSR,Zm00001d030028,GRMZM2G001930, bHLH,0.0,0.0,5583570.0,0.0,2798733.3333333335,0.0,0.0,0.0,32083333.333333332,0.0,0.0,0.0,0.0
SRSGGGGSGSGGQLRR,Zm00001d032578,GRMZM2G456452, Dof,0.0,0.0,0.0,0.0,0.0,0.0,0.0,0.0,10893000.0,0.0,0.0,0.0,0.0
GAPSPSCAPPGA,Zm00001d033407,GRMZM2G095899, bHLH,0.0,0.0,0.0,0.0,0.0,3379033.3333333335,0.0,0.0,21799666.666666668,0.0,0.0,0.0,0.0
QAGARTALATPPA,Zm00001d027709,GRMZM2G086072, E2F/DP,0.0,0.0,0.0,0.0,0.0,0.0,0.0,0.0,14167666.666666666,0.0,0.0,0.0,0.0
KLSQELGL,Zm00001d030069,GRMZM2G123140, HD-ZIP,0.0,0.0,0.0,0.0,376310.0,0.0,0.0,0.0,3115966.6666666665,0.0,0.0,0.0,0.0
KLSQELGL,Zm00001d030069,GRMZM2G123140, HD-ZIP,0.0,0.0,0.0,0.0,376310.0,0.0,0.0,0.0,3115966.6666666665,0.0,0.0,0.0,0.0
KLSQELGL,Zm00001d030069,GRMZM2G123140, HD-ZIP,0.0,0.0,0.0,0.0,376310.0,0.0,0.0,0.0,3115966.6666666665,0.0,0.0,0.0,0.0
KLSQELGL,Zm00001d030069,GRMZM2G123140, HD-ZIP,0.0,0.0,0.0,0.0,376310.0,0.0,0.0,0.0,3115966.6666666665,0.0,0.0,0.0,0.0
KLSQELGL,Zm00001d030069,GRMZM2G123140, HD-ZIP,0.0,0.0,0.0,0.0,376310.0,0.0,0.0,0.0,3115966.6666666665,0.0,0.0,0.0,0.0
EDEAAAAAAAHDRALAASRNHREA,Zm00001d034596,GRMZM2G027068, bHLH,0.0,0.0,0.0,0.0,0.0,0.0,16005333.333333334,0.0,0.0,0.0,0.0,0.0,0.0
QEAAEAYDIAALKFRGENAVT,Zm00001d028919,GRMZM2G317160, AP2,0.0,0.0,5552233.333333333,0.0,0.0,0.0,0.0,0.0,0.0,0.0,0.0,0.0,0.0
PEVKTENLSQ,Zm00001d045617,GRMZM2G163914, NAC,0.0,0.0,294003.3333333333,8512333.333333334,0.0,0.0,0.0,0.0,172546666.66666666,0.0,0.0,6798846.666666667,14853333.333333334
PEVKTENLSQ,Zm00001d045617,GRMZM2G163914, NAC,0.0,0.0,294003.3333333333,8512333.333333334,0.0,0.0,0.0,0.0,172546666.66666666,0.0,0.0,6798846.666666667,14853333.333333334
LLKGSLDSY,Zm00001d045887,GRMZM2G395842, C3H,0.0,0.0,0.0,0.0,8615900.0,0.0,10588533.333333334,0.0,0.0,0.0,0.0,91098666.66666667,0.0
LLKGSLDSY,Zm00001d045887,GRMZM2G395842, C3H,0.0,0.0,0.0,0.0,8615900.0,0.0,10588533.333333334,0.0,0.0,0.0,0.0,91098666.66666667,0.0
APAEAEAPSRRCWDSPPR,Zm00001d046759,GRMZM2G378653, bHLH,0.0,0.0,0.0,9224266.666666666,3575666.6666666665,0.0,0.0,2684366.6666666665,0.0,0.0,0.0,0.0,0.0
APAEAEAPSRRCWDSPPR,Zm00001d046759,GRMZM2G378653, bHLH,0.0,0.0,0.0,9224266.666666666,3575666.6666666665,0.0,0.0,2684366.6666666665,0.0,0.0,0.0,0.0,0.0
KETHGPTAAP,Zm00001d047216,GRMZM2G154029, bHLH,0.0,0.0,520596.6666666667,0.0,0.0,1355766.6666666667,0.0,0.0,0.0,0.0,0.0,0.0,0.0
KETHGPTAAP,Zm00001d047216,GRMZM2G154029, bHLH,0.0,0.0,520596.6666666667,0.0,0.0,1355766.6666666667,0.0,0.0,0.0,0.0,0.0,0.0,0.0
GSSRAACPAGGAAGVAGAPR,Zm00001d023535,GRMZM2G544539, ERF,0.0,186986666.66666666,9955333.333333334,27822333.333333332,5641800.0,0.0,0.0,0.0,5975633.333333333,146036666.66666666,0.0,915916666.6666666,554413333.3333334
RVHPAAAAAAAAISAQH,Zm00001d026005,GRMZM2G018485, B3,0.0,0.0,0.0,17717000.0,18751333.333333332,0.0,7367566.666666667,19394333.333333332,39727333.333333336,12453000.0,0.0,0.0,197744000.0
LALSAIEH,Zm00001d026362,GRMZM2G448104, MYB_related,0.0,17849666.666666668,0.0,0.0,0.0,0.0,0.0,0.0,0.0,0.0,0.0,0.0,18529333.333333332
QRQQPGGGA,Zm00001d023535,GRMZM2G544539, ERF,35514666.666666664,0.0,0.0,19707666.666666668,0.0,0.0,0.0,0.0,0.0,0.0,0.0,14687666.666666666,0.0
TAAIRDDAAQPARGRDDIG,Zm00001d026046,GRMZM2G086474, bHLH,0.0,0.0,1188100.0,0.0,0.0,0.0,0.0,0.0,23585666.666666668,0.0,0.0,0.0,0.0
TAAIRDDAAQPARGRDDIG,Zm00001d026046,GRMZM2G086474, bHLH,0.0,0.0,1188100.0,0.0,0.0,0.0,0.0,0.0,23585666.666666668,0.0,0.0,0.0,0.0
KGKTAKPA,Zm00001d021019,GRMZM2G144275, bHLH,3131766.6666666665,0.0,13726633.333333334,2853633.3333333335,3417866.6666666665,7598333.333333333,2280833.3333333335,0.0,28691000.0,0.0,0.0,27630000.0,16429333.333333334
KGKTAKPA,Zm00001d021019,GRMZM2G144275, bHLH,3131766.6666666665,0.0,13726633.333333334,2853633.3333333335,3417866.6666666665,7598333.333333333,2280833.3333333335,0.0,28691000.0,0.0,0.0,27630000.0,16429333.333333334
AEAAELGAGSPAGLPVPPHGRGAGRPL,Zm00001d021818,GRMZM2G179885, NAC,0.0,0.0,0.0,0.0,20851333.333333332,0.0,10146633.333333334,0.0,0.0,0.0,0.0,0.0,0.0
AEAAELGAGSPAGLPVPPHGRGAGRPL,Zm00001d021818,GRMZM2G179885, NAC,0.0,0.0,0.0,0.0,20851333.333333332,0.0,10146633.333333334,0.0,0.0,0.0,0.0,0.0,0.0
AEAAELGAGSPAGLPVPPHGRGAGRPL,Zm00001d021818,GRMZM2G179885, NAC,0.0,0.0,0.0,0.0,20851333.333333332,0.0,10146633.333333334,0.0,0.0,0.0,0.0,0.0,0.0
AEAAELGAGSPAGLPVPPHGRGAGRPL,Zm00001d021818,GRMZM2G179885, NAC,0.0,0.0,0.0,0.0,20851333.333333332,0.0,10146633.333333334,0.0,0.0,0.0,0.0,0.0,0.0
VLSEKMGYLNSDGPTSSN,Zm00001d018941,GRMZM2G125969, HSF,0.0,0.0,0.0,0.0,0.0,0.0,0.0,0.0,24383000.0,0.0,0.0,14472666.666666666,0.0
VLSEKMGYLNSDGPTSSN,Zm00001d018941,GRMZM2G125969, HSF,0.0,0.0,0.0,0.0,0.0,0.0,0.0,0.0,24383000.0,0.0,0.0,14472666.666666666,0.0
