Chr, position,count
Chr1,7000000.5,66
Chr1,7000000.5,66
Chr1,7000000.5,66
Chr1,7000000.5,66
Chr1,7000000.5,66
Chr1,7000000.5,66
Chr1,7000000.5,66
Chr1,7000000.5,66
Chr1,7000000.5,66
Chr1,7000000.5,66
Chr1,7000000.5,66
Chr1,7000000.5,66
Chr1,7000000.5,66
Chr1,7000000.5,66
Chr1,7000000.5,66
Chr1,7000000.5,66
Chr1,7000000.5,66
Chr1,7000000.5,66
Chr1,7000000.5,66
Chr1,7000000.5,66
Chr1,7000000.5,66
Chr1,7000000.5,66
Chr1,7000000.5,66
Chr1,7000000.5,66
Chr1,7000000.5,66
Chr1,7000000.5,66
Chr1,7000000.5,66
Chr1,7000000.5,66
Chr1,7000000.5,66
Chr1,7000000.5,66
Chr1,7000000.5,66
Chr1,7000000.5,66
Chr1,7000000.5,66
Chr1,7000000.5,66
Chr1,7000000.5,66
Chr1,7000000.5,66
Chr1,7000000.5,66
Chr1,7000000.5,66
Chr1,7000000.5,66
Chr1,7000000.5,66
Chr1,7000000.5,66
Chr1,7000000.5,66
Chr1,7000000.5,66
Chr1,7000000.5,66
Chr1,7000000.5,66
Chr1,7000000.5,66
Chr1,7000000.5,66
Chr1,7000000.5,66
Chr1,7000000.5,66
Chr1,7000000.5,66
Chr1,7000000.5,66
Chr1,7000000.5,66
Chr1,7000000.5,66
Chr1,7000000.5,66
Chr1,7000000.5,66
Chr1,7000000.5,66
Chr1,7000000.5,66
Chr1,7000000.5,66
Chr1,7000000.5,66
Chr1,7000000.5,66
Chr1,7000000.5,66
Chr1,7000000.5,66
Chr1,7000000.5,66
Chr1,7000000.5,66
Chr1,7000000.5,66
Chr1,7000000.5,66
Chr1,11000000.5,62
Chr1,11000000.5,62
Chr1,11000000.5,62
Chr1,11000000.5,62
Chr1,11000000.5,62
Chr1,11000000.5,62
Chr1,11000000.5,62
Chr1,11000000.5,62
Chr1,11000000.5,62
Chr1,11000000.5,62
Chr1,11000000.5,62
Chr1,11000000.5,62
Chr1,11000000.5,62
Chr1,11000000.5,62
Chr1,11000000.5,62
Chr1,11000000.5,62
Chr1,11000000.5,62
Chr1,11000000.5,62
Chr1,11000000.5,62
Chr1,11000000.5,62
Chr1,11000000.5,62
Chr1,11000000.5,62
Chr1,11000000.5,62
Chr1,11000000.5,62
Chr1,11000000.5,62
Chr1,11000000.5,62
Chr1,11000000.5,62
Chr1,11000000.5,62
Chr1,11000000.5,62
Chr1,11000000.5,62
Chr1,11000000.5,62
Chr1,11000000.5,62
Chr1,11000000.5,62
Chr1,11000000.5,62
Chr1,11000000.5,62
Chr1,11000000.5,62
Chr1,11000000.5,62
Chr1,11000000.5,62
Chr1,11000000.5,62
Chr1,11000000.5,62
Chr1,11000000.5,62
Chr1,11000000.5,62
Chr1,11000000.5,62
Chr1,11000000.5,62
Chr1,11000000.5,62
Chr1,11000000.5,62
Chr1,11000000.5,62
Chr1,11000000.5,62
Chr1,11000000.5,62
Chr1,11000000.5,62
Chr1,11000000.5,62
Chr1,11000000.5,62
Chr1,11000000.5,62
Chr1,11000000.5,62
Chr1,11000000.5,62
Chr1,11000000.5,62
Chr1,11000000.5,62
Chr1,11000000.5,62
Chr1,11000000.5,62
Chr1,11000000.5,62
Chr1,11000000.5,62
Chr1,11000000.5,62
Chr1,15000000.5,56
Chr1,15000000.5,56
Chr1,15000000.5,56
Chr1,15000000.5,56
Chr1,15000000.5,56
Chr1,15000000.5,56
Chr1,15000000.5,56
Chr1,15000000.5,56
Chr1,15000000.5,56
Chr1,15000000.5,56
Chr1,15000000.5,56
Chr1,15000000.5,56
Chr1,15000000.5,56
Chr1,15000000.5,56
Chr1,15000000.5,56
Chr1,15000000.5,56
Chr1,15000000.5,56
Chr1,15000000.5,56
Chr1,15000000.5,56
Chr1,15000000.5,56
Chr1,15000000.5,56
Chr1,15000000.5,56
Chr1,15000000.5,56
Chr1,15000000.5,56
Chr1,15000000.5,56
Chr1,15000000.5,56
Chr1,15000000.5,56
Chr1,15000000.5,56
Chr1,15000000.5,56
Chr1,15000000.5,56
Chr1,15000000.5,56
Chr1,15000000.5,56
Chr1,15000000.5,56
Chr1,15000000.5,56
Chr1,15000000.5,56
Chr1,15000000.5,56
Chr1,15000000.5,56
Chr1,15000000.5,56
Chr1,15000000.5,56
Chr1,15000000.5,56
Chr1,15000000.5,56
Chr1,15000000.5,56
Chr1,15000000.5,56
Chr1,15000000.5,56
Chr1,15000000.5,56
Chr1,15000000.5,56
Chr1,15000000.5,56
Chr1,15000000.5,56
Chr1,15000000.5,56
Chr1,15000000.5,56
Chr1,15000000.5,56
Chr1,15000000.5,56
Chr1,15000000.5,56
Chr1,15000000.5,56
Chr1,15000000.5,56
Chr1,15000000.5,56
Chr1,19000000.5,42
Chr1,19000000.5,42
Chr1,19000000.5,42
Chr1,19000000.5,42
Chr1,19000000.5,42
Chr1,19000000.5,42
Chr1,19000000.5,42
Chr1,19000000.5,42
Chr1,19000000.5,42
Chr1,19000000.5,42
Chr1,19000000.5,42
Chr1,19000000.5,42
Chr1,19000000.5,42
Chr1,19000000.5,42
Chr1,19000000.5,42
Chr1,19000000.5,42
Chr1,19000000.5,42
Chr1,19000000.5,42
Chr1,19000000.5,42
Chr1,19000000.5,42
Chr1,19000000.5,42
Chr1,19000000.5,42
Chr1,19000000.5,42
Chr1,19000000.5,42
Chr1,19000000.5,42
Chr1,19000000.5,42
Chr1,19000000.5,42
Chr1,19000000.5,42
Chr1,19000000.5,42
Chr1,19000000.5,42
Chr1,19000000.5,42
Chr1,19000000.5,42
Chr1,19000000.5,42
Chr1,19000000.5,42
Chr1,19000000.5,42
Chr1,19000000.5,42
Chr1,19000000.5,42
Chr1,19000000.5,42
Chr1,19000000.5,42
Chr1,19000000.5,42
Chr1,19000000.5,42
Chr1,19000000.5,42
Chr1,27000000.5,47
Chr1,27000000.5,47
Chr1,27000000.5,47
Chr1,27000000.5,47
Chr1,27000000.5,47
Chr1,27000000.5,47
Chr1,27000000.5,47
Chr1,27000000.5,47
Chr1,27000000.5,47
Chr1,27000000.5,47
Chr1,27000000.5,47
Chr1,27000000.5,47
Chr1,27000000.5,47
Chr1,27000000.5,47
Chr1,27000000.5,47
Chr1,27000000.5,47
Chr1,27000000.5,47
Chr1,27000000.5,47
Chr1,27000000.5,47
Chr1,27000000.5,47
Chr1,27000000.5,47
Chr1,27000000.5,47
Chr1,27000000.5,47
Chr1,27000000.5,47
Chr1,27000000.5,47
Chr1,27000000.5,47
Chr1,27000000.5,47
Chr1,27000000.5,47
Chr1,27000000.5,47
Chr1,27000000.5,47
Chr1,27000000.5,47
Chr1,27000000.5,47
Chr1,27000000.5,47
Chr1,27000000.5,47
Chr1,27000000.5,47
Chr1,27000000.5,47
Chr1,27000000.5,47
Chr1,27000000.5,47
Chr1,27000000.5,47
Chr1,27000000.5,47
Chr1,27000000.5,47
Chr1,27000000.5,47
Chr1,27000000.5,47
Chr1,27000000.5,47
Chr1,27000000.5,47
Chr1,27000000.5,47
Chr1,27000000.5,47
Chr1,39000000.5,44
Chr1,39000000.5,44
Chr1,39000000.5,44
Chr1,39000000.5,44
Chr1,39000000.5,44
Chr1,39000000.5,44
Chr1,39000000.5,44
Chr1,39000000.5,44
Chr1,39000000.5,44
Chr1,39000000.5,44
Chr1,39000000.5,44
Chr1,39000000.5,44
Chr1,39000000.5,44
Chr1,39000000.5,44
Chr1,39000000.5,44
Chr1,39000000.5,44
Chr1,39000000.5,44
Chr1,39000000.5,44
Chr1,39000000.5,44
Chr1,39000000.5,44
Chr1,39000000.5,44
Chr1,39000000.5,44
Chr1,39000000.5,44
Chr1,39000000.5,44
Chr1,39000000.5,44
Chr1,39000000.5,44
Chr1,39000000.5,44
Chr1,39000000.5,44
Chr1,39000000.5,44
Chr1,39000000.5,44
Chr1,39000000.5,44
Chr1,39000000.5,44
Chr1,39000000.5,44
Chr1,39000000.5,44
Chr1,39000000.5,44
Chr1,39000000.5,44
Chr1,39000000.5,44
Chr1,39000000.5,44
Chr1,39000000.5,44
Chr1,39000000.5,44
Chr1,39000000.5,44
Chr1,39000000.5,44
Chr1,39000000.5,44
Chr1,39000000.5,44
Chr1,55000000.5,58
Chr1,55000000.5,58
Chr1,55000000.5,58
Chr1,55000000.5,58
Chr1,55000000.5,58
Chr1,55000000.5,58
Chr1,55000000.5,58
Chr1,55000000.5,58
Chr1,55000000.5,58
Chr1,55000000.5,58
Chr1,55000000.5,58
Chr1,55000000.5,58
Chr1,55000000.5,58
Chr1,55000000.5,58
Chr1,55000000.5,58
Chr1,55000000.5,58
Chr1,55000000.5,58
Chr1,55000000.5,58
Chr1,55000000.5,58
Chr1,55000000.5,58
Chr1,55000000.5,58
Chr1,55000000.5,58
Chr1,55000000.5,58
Chr1,55000000.5,58
Chr1,55000000.5,58
Chr1,55000000.5,58
Chr1,55000000.5,58
Chr1,55000000.5,58
Chr1,55000000.5,58
Chr1,55000000.5,58
Chr1,55000000.5,58
Chr1,55000000.5,58
Chr1,55000000.5,58
Chr1,55000000.5,58
Chr1,55000000.5,58
Chr1,55000000.5,58
Chr1,55000000.5,58
Chr1,55000000.5,58
Chr1,55000000.5,58
Chr1,55000000.5,58
Chr1,55000000.5,58
Chr1,55000000.5,58
Chr1,55000000.5,58
Chr1,55000000.5,58
Chr1,55000000.5,58
Chr1,55000000.5,58
Chr1,55000000.5,58
Chr1,55000000.5,58
Chr1,55000000.5,58
Chr1,55000000.5,58
Chr1,55000000.5,58
Chr1,55000000.5,58
Chr1,55000000.5,58
Chr1,55000000.5,58
Chr1,55000000.5,58
Chr1,55000000.5,58
Chr1,55000000.5,58
Chr1,55000000.5,58
Chr1,59000000.5,43
Chr1,59000000.5,43
Chr1,59000000.5,43
Chr1,59000000.5,43
Chr1,59000000.5,43
Chr1,59000000.5,43
Chr1,59000000.5,43
Chr1,59000000.5,43
Chr1,59000000.5,43
Chr1,59000000.5,43
Chr1,59000000.5,43
Chr1,59000000.5,43
Chr1,59000000.5,43
Chr1,59000000.5,43
Chr1,59000000.5,43
Chr1,59000000.5,43
Chr1,59000000.5,43
Chr1,59000000.5,43
Chr1,59000000.5,43
Chr1,59000000.5,43
Chr1,59000000.5,43
Chr1,59000000.5,43
Chr1,59000000.5,43
Chr1,59000000.5,43
Chr1,59000000.5,43
Chr1,59000000.5,43
Chr1,59000000.5,43
Chr1,59000000.5,43
Chr1,59000000.5,43
Chr1,59000000.5,43
Chr1,59000000.5,43
Chr1,59000000.5,43
Chr1,59000000.5,43
Chr1,59000000.5,43
Chr1,59000000.5,43
Chr1,59000000.5,43
Chr1,59000000.5,43
Chr1,59000000.5,43
Chr1,59000000.5,43
Chr1,59000000.5,43
Chr1,59000000.5,43
Chr1,59000000.5,43
Chr1,59000000.5,43
Chr1,183000000.5,53
Chr1,183000000.5,53
Chr1,183000000.5,53
Chr1,183000000.5,53
Chr1,183000000.5,53
Chr1,183000000.5,53
Chr1,183000000.5,53
Chr1,183000000.5,53
Chr1,183000000.5,53
Chr1,183000000.5,53
Chr1,183000000.5,53
Chr1,183000000.5,53
Chr1,183000000.5,53
Chr1,183000000.5,53
Chr1,183000000.5,53
Chr1,183000000.5,53
Chr1,183000000.5,53
Chr1,183000000.5,53
Chr1,183000000.5,53
Chr1,183000000.5,53
Chr1,183000000.5,53
Chr1,183000000.5,53
Chr1,183000000.5,53
Chr1,183000000.5,53
Chr1,183000000.5,53
Chr1,183000000.5,53
Chr1,183000000.5,53
Chr1,183000000.5,53
Chr1,183000000.5,53
Chr1,183000000.5,53
Chr1,183000000.5,53
Chr1,183000000.5,53
Chr1,183000000.5,53
Chr1,183000000.5,53
Chr1,183000000.5,53
Chr1,183000000.5,53
Chr1,183000000.5,53
Chr1,183000000.5,53
Chr1,183000000.5,53
Chr1,183000000.5,53
Chr1,183000000.5,53
Chr1,183000000.5,53
Chr1,183000000.5,53
Chr1,183000000.5,53
Chr1,183000000.5,53
Chr1,183000000.5,53
Chr1,183000000.5,53
Chr1,183000000.5,53
Chr1,183000000.5,53
Chr1,183000000.5,53
Chr1,183000000.5,53
Chr1,183000000.5,53
Chr1,183000000.5,53
Chr1,187000000.5,40
Chr1,187000000.5,40
Chr1,187000000.5,40
Chr1,187000000.5,40
Chr1,187000000.5,40
Chr1,187000000.5,40
Chr1,187000000.5,40
Chr1,187000000.5,40
Chr1,187000000.5,40
Chr1,187000000.5,40
Chr1,187000000.5,40
Chr1,187000000.5,40
Chr1,187000000.5,40
Chr1,187000000.5,40
Chr1,187000000.5,40
Chr1,187000000.5,40
Chr1,187000000.5,40
Chr1,187000000.5,40
Chr1,187000000.5,40
Chr1,187000000.5,40
Chr1,187000000.5,40
Chr1,187000000.5,40
Chr1,187000000.5,40
Chr1,187000000.5,40
Chr1,187000000.5,40
Chr1,187000000.5,40
Chr1,187000000.5,40
Chr1,187000000.5,40
Chr1,187000000.5,40
Chr1,187000000.5,40
Chr1,187000000.5,40
Chr1,187000000.5,40
Chr1,187000000.5,40
Chr1,187000000.5,40
Chr1,187000000.5,40
Chr1,187000000.5,40
Chr1,187000000.5,40
Chr1,187000000.5,40
Chr1,187000000.5,40
Chr1,187000000.5,40
Chr1,231000000.5,50
Chr1,231000000.5,50
Chr1,231000000.5,50
Chr1,231000000.5,50
Chr1,231000000.5,50
Chr1,231000000.5,50
Chr1,231000000.5,50
Chr1,231000000.5,50
Chr1,231000000.5,50
Chr1,231000000.5,50
Chr1,231000000.5,50
Chr1,231000000.5,50
Chr1,231000000.5,50
Chr1,231000000.5,50
Chr1,231000000.5,50
Chr1,231000000.5,50
Chr1,231000000.5,50
Chr1,231000000.5,50
Chr1,231000000.5,50
Chr1,231000000.5,50
Chr1,231000000.5,50
Chr1,231000000.5,50
Chr1,231000000.5,50
Chr1,231000000.5,50
Chr1,231000000.5,50
Chr1,231000000.5,50
Chr1,231000000.5,50
Chr1,231000000.5,50
Chr1,231000000.5,50
Chr1,231000000.5,50
Chr1,231000000.5,50
Chr1,231000000.5,50
Chr1,231000000.5,50
Chr1,231000000.5,50
Chr1,231000000.5,50
Chr1,231000000.5,50
Chr1,231000000.5,50
Chr1,231000000.5,50
Chr1,231000000.5,50
Chr1,231000000.5,50
Chr1,231000000.5,50
Chr1,231000000.5,50
Chr1,231000000.5,50
Chr1,231000000.5,50
Chr1,231000000.5,50
Chr1,231000000.5,50
Chr1,231000000.5,50
Chr1,231000000.5,50
Chr1,231000000.5,50
Chr1,231000000.5,50
Chr1,235000000.5,48
Chr1,235000000.5,48
Chr1,235000000.5,48
Chr1,235000000.5,48
Chr1,235000000.5,48
Chr1,235000000.5,48
Chr1,235000000.5,48
Chr1,235000000.5,48
Chr1,235000000.5,48
Chr1,235000000.5,48
Chr1,235000000.5,48
Chr1,235000000.5,48
Chr1,235000000.5,48
Chr1,235000000.5,48
Chr1,235000000.5,48
Chr1,235000000.5,48
Chr1,235000000.5,48
Chr1,235000000.5,48
Chr1,235000000.5,48
Chr1,235000000.5,48
Chr1,235000000.5,48
Chr1,235000000.5,48
Chr1,235000000.5,48
Chr1,235000000.5,48
Chr1,235000000.5,48
Chr1,235000000.5,48
Chr1,235000000.5,48
Chr1,235000000.5,48
Chr1,235000000.5,48
Chr1,235000000.5,48
Chr1,235000000.5,48
Chr1,235000000.5,48
Chr1,235000000.5,48
Chr1,235000000.5,48
Chr1,235000000.5,48
Chr1,235000000.5,48
Chr1,235000000.5,48
Chr1,235000000.5,48
Chr1,235000000.5,48
Chr1,235000000.5,48
Chr1,235000000.5,48
Chr1,235000000.5,48
Chr1,235000000.5,48
Chr1,235000000.5,48
Chr1,235000000.5,48
Chr1,235000000.5,48
Chr1,235000000.5,48
Chr1,235000000.5,48
Chr1,263000000.5,40
Chr1,263000000.5,40
Chr1,263000000.5,40
Chr1,263000000.5,40
Chr1,263000000.5,40
Chr1,263000000.5,40
Chr1,263000000.5,40
Chr1,263000000.5,40
Chr1,263000000.5,40
Chr1,263000000.5,40
Chr1,263000000.5,40
Chr1,263000000.5,40
Chr1,263000000.5,40
Chr1,263000000.5,40
Chr1,263000000.5,40
Chr1,263000000.5,40
Chr1,263000000.5,40
Chr1,263000000.5,40
Chr1,263000000.5,40
Chr1,263000000.5,40
Chr1,263000000.5,40
Chr1,263000000.5,40
Chr1,263000000.5,40
Chr1,263000000.5,40
Chr1,263000000.5,40
Chr1,263000000.5,40
Chr1,263000000.5,40
Chr1,263000000.5,40
Chr1,263000000.5,40
Chr1,263000000.5,40
Chr1,263000000.5,40
Chr1,263000000.5,40
Chr1,263000000.5,40
Chr1,263000000.5,40
Chr1,263000000.5,40
Chr1,263000000.5,40
Chr1,263000000.5,40
Chr1,263000000.5,40
Chr1,263000000.5,40
Chr1,263000000.5,40
Chr1,267000000.5,56
Chr1,267000000.5,56
Chr1,267000000.5,56
Chr1,267000000.5,56
Chr1,267000000.5,56
Chr1,267000000.5,56
Chr1,267000000.5,56
Chr1,267000000.5,56
Chr1,267000000.5,56
Chr1,267000000.5,56
Chr1,267000000.5,56
Chr1,267000000.5,56
Chr1,267000000.5,56
Chr1,267000000.5,56
Chr1,267000000.5,56
Chr1,267000000.5,56
Chr1,267000000.5,56
Chr1,267000000.5,56
Chr1,267000000.5,56
Chr1,267000000.5,56
Chr1,267000000.5,56
Chr1,267000000.5,56
Chr1,267000000.5,56
Chr1,267000000.5,56
Chr1,267000000.5,56
Chr1,267000000.5,56
Chr1,267000000.5,56
Chr1,267000000.5,56
Chr1,267000000.5,56
Chr1,267000000.5,56
Chr1,267000000.5,56
Chr1,267000000.5,56
Chr1,267000000.5,56
Chr1,267000000.5,56
Chr1,267000000.5,56
Chr1,267000000.5,56
Chr1,267000000.5,56
Chr1,267000000.5,56
Chr1,267000000.5,56
Chr1,267000000.5,56
Chr1,267000000.5,56
Chr1,267000000.5,56
Chr1,267000000.5,56
Chr1,267000000.5,56
Chr1,267000000.5,56
Chr1,267000000.5,56
Chr1,267000000.5,56
Chr1,267000000.5,56
Chr1,267000000.5,56
Chr1,267000000.5,56
Chr1,267000000.5,56
Chr1,267000000.5,56
Chr1,267000000.5,56
Chr1,267000000.5,56
Chr1,267000000.5,56
Chr1,267000000.5,56
Chr1,271000000.5,45
Chr1,271000000.5,45
Chr1,271000000.5,45
Chr1,271000000.5,45
Chr1,271000000.5,45
Chr1,271000000.5,45
Chr1,271000000.5,45
Chr1,271000000.5,45
Chr1,271000000.5,45
Chr1,271000000.5,45
Chr1,271000000.5,45
Chr1,271000000.5,45
Chr1,271000000.5,45
Chr1,271000000.5,45
Chr1,271000000.5,45
Chr1,271000000.5,45
Chr1,271000000.5,45
Chr1,271000000.5,45
Chr1,271000000.5,45
Chr1,271000000.5,45
Chr1,271000000.5,45
Chr1,271000000.5,45
Chr1,271000000.5,45
Chr1,271000000.5,45
Chr1,271000000.5,45
Chr1,271000000.5,45
Chr1,271000000.5,45
Chr1,271000000.5,45
Chr1,271000000.5,45
Chr1,271000000.5,45
Chr1,271000000.5,45
Chr1,271000000.5,45
Chr1,271000000.5,45
Chr1,271000000.5,45
Chr1,271000000.5,45
Chr1,271000000.5,45
Chr1,271000000.5,45
Chr1,271000000.5,45
Chr1,271000000.5,45
Chr1,271000000.5,45
Chr1,271000000.5,45
Chr1,271000000.5,45
Chr1,271000000.5,45
Chr1,271000000.5,45
Chr1,271000000.5,45
Chr1,279000000.5,64
Chr1,279000000.5,64
Chr1,279000000.5,64
Chr1,279000000.5,64
Chr1,279000000.5,64
Chr1,279000000.5,64
Chr1,279000000.5,64
Chr1,279000000.5,64
Chr1,279000000.5,64
Chr1,279000000.5,64
Chr1,279000000.5,64
Chr1,279000000.5,64
Chr1,279000000.5,64
Chr1,279000000.5,64
Chr1,279000000.5,64
Chr1,279000000.5,64
Chr1,279000000.5,64
Chr1,279000000.5,64
Chr1,279000000.5,64
Chr1,279000000.5,64
Chr1,279000000.5,64
Chr1,279000000.5,64
Chr1,279000000.5,64
Chr1,279000000.5,64
Chr1,279000000.5,64
Chr1,279000000.5,64
Chr1,279000000.5,64
Chr1,279000000.5,64
Chr1,279000000.5,64
Chr1,279000000.5,64
Chr1,279000000.5,64
Chr1,279000000.5,64
Chr1,279000000.5,64
Chr1,279000000.5,64
Chr1,279000000.5,64
Chr1,279000000.5,64
Chr1,279000000.5,64
Chr1,279000000.5,64
Chr1,279000000.5,64
Chr1,279000000.5,64
Chr1,279000000.5,64
Chr1,279000000.5,64
Chr1,279000000.5,64
Chr1,279000000.5,64
Chr1,279000000.5,64
Chr1,279000000.5,64
Chr1,279000000.5,64
Chr1,279000000.5,64
Chr1,279000000.5,64
Chr1,279000000.5,64
Chr1,279000000.5,64
Chr1,279000000.5,64
Chr1,279000000.5,64
Chr1,279000000.5,64
Chr1,279000000.5,64
Chr1,279000000.5,64
Chr1,279000000.5,64
Chr1,279000000.5,64
Chr1,279000000.5,64
Chr1,279000000.5,64
Chr1,279000000.5,64
Chr1,279000000.5,64
Chr1,279000000.5,64
Chr1,279000000.5,64
Chr1,283000000.5,45
Chr1,283000000.5,45
Chr1,283000000.5,45
Chr1,283000000.5,45
Chr1,283000000.5,45
Chr1,283000000.5,45
Chr1,283000000.5,45
Chr1,283000000.5,45
Chr1,283000000.5,45
Chr1,283000000.5,45
Chr1,283000000.5,45
Chr1,283000000.5,45
Chr1,283000000.5,45
Chr1,283000000.5,45
Chr1,283000000.5,45
Chr1,283000000.5,45
Chr1,283000000.5,45
Chr1,283000000.5,45
Chr1,283000000.5,45
Chr1,283000000.5,45
Chr1,283000000.5,45
Chr1,283000000.5,45
Chr1,283000000.5,45
Chr1,283000000.5,45
Chr1,283000000.5,45
Chr1,283000000.5,45
Chr1,283000000.5,45
Chr1,283000000.5,45
Chr1,283000000.5,45
Chr1,283000000.5,45
Chr1,283000000.5,45
Chr1,283000000.5,45
Chr1,283000000.5,45
Chr1,283000000.5,45
Chr1,283000000.5,45
Chr1,283000000.5,45
Chr1,283000000.5,45
Chr1,283000000.5,45
Chr1,283000000.5,45
Chr1,283000000.5,45
Chr1,283000000.5,45
Chr1,283000000.5,45
Chr1,283000000.5,45
Chr1,283000000.5,45
Chr1,283000000.5,45
Chr1,291000000.5,54
Chr1,291000000.5,54
Chr1,291000000.5,54
Chr1,291000000.5,54
Chr1,291000000.5,54
Chr1,291000000.5,54
Chr1,291000000.5,54
Chr1,291000000.5,54
Chr1,291000000.5,54
Chr1,291000000.5,54
Chr1,291000000.5,54
Chr1,291000000.5,54
Chr1,291000000.5,54
Chr1,291000000.5,54
Chr1,291000000.5,54
Chr1,291000000.5,54
Chr1,291000000.5,54
Chr1,291000000.5,54
Chr1,291000000.5,54
Chr1,291000000.5,54
Chr1,291000000.5,54
Chr1,291000000.5,54
Chr1,291000000.5,54
Chr1,291000000.5,54
Chr1,291000000.5,54
Chr1,291000000.5,54
Chr1,291000000.5,54
Chr1,291000000.5,54
Chr1,291000000.5,54
Chr1,291000000.5,54
Chr1,291000000.5,54
Chr1,291000000.5,54
Chr1,291000000.5,54
Chr1,291000000.5,54
Chr1,291000000.5,54
Chr1,291000000.5,54
Chr1,291000000.5,54
Chr1,291000000.5,54
Chr1,291000000.5,54
Chr1,291000000.5,54
Chr1,291000000.5,54
Chr1,291000000.5,54
Chr1,291000000.5,54
Chr1,291000000.5,54
Chr1,291000000.5,54
Chr1,291000000.5,54
Chr1,291000000.5,54
Chr1,291000000.5,54
Chr1,291000000.5,54
Chr1,291000000.5,54
Chr1,291000000.5,54
Chr1,291000000.5,54
Chr1,291000000.5,54
Chr1,291000000.5,54
Chr1,295000000.5,53
Chr1,295000000.5,53
Chr1,295000000.5,53
Chr1,295000000.5,53
Chr1,295000000.5,53
Chr1,295000000.5,53
Chr1,295000000.5,53
Chr1,295000000.5,53
Chr1,295000000.5,53
Chr1,295000000.5,53
Chr1,295000000.5,53
Chr1,295000000.5,53
Chr1,295000000.5,53
Chr1,295000000.5,53
Chr1,295000000.5,53
Chr1,295000000.5,53
Chr1,295000000.5,53
Chr1,295000000.5,53
Chr1,295000000.5,53
Chr1,295000000.5,53
Chr1,295000000.5,53
Chr1,295000000.5,53
Chr1,295000000.5,53
Chr1,295000000.5,53
Chr1,295000000.5,53
Chr1,295000000.5,53
Chr1,295000000.5,53
Chr1,295000000.5,53
Chr1,295000000.5,53
Chr1,295000000.5,53
Chr1,295000000.5,53
Chr1,295000000.5,53
Chr1,295000000.5,53
Chr1,295000000.5,53
Chr1,295000000.5,53
Chr1,295000000.5,53
Chr1,295000000.5,53
Chr1,295000000.5,53
Chr1,295000000.5,53
Chr1,295000000.5,53
Chr1,295000000.5,53
Chr1,295000000.5,53
Chr1,295000000.5,53
Chr1,295000000.5,53
Chr1,295000000.5,53
Chr1,295000000.5,53
Chr1,295000000.5,53
Chr1,295000000.5,53
Chr1,295000000.5,53
Chr1,295000000.5,53
Chr1,295000000.5,53
Chr1,295000000.5,53
Chr1,295000000.5,53
Chr1,299000000.5,45
Chr1,299000000.5,45
Chr1,299000000.5,45
Chr1,299000000.5,45
Chr1,299000000.5,45
Chr1,299000000.5,45
Chr1,299000000.5,45
Chr1,299000000.5,45
Chr1,299000000.5,45
Chr1,299000000.5,45
Chr1,299000000.5,45
Chr1,299000000.5,45
Chr1,299000000.5,45
Chr1,299000000.5,45
Chr1,299000000.5,45
Chr1,299000000.5,45
Chr1,299000000.5,45
Chr1,299000000.5,45
Chr1,299000000.5,45
Chr1,299000000.5,45
Chr1,299000000.5,45
Chr1,299000000.5,45
Chr1,299000000.5,45
Chr1,299000000.5,45
Chr1,299000000.5,45
Chr1,299000000.5,45
Chr1,299000000.5,45
Chr1,299000000.5,45
Chr1,299000000.5,45
Chr1,299000000.5,45
Chr1,299000000.5,45
Chr1,299000000.5,45
Chr1,299000000.5,45
Chr1,299000000.5,45
Chr1,299000000.5,45
Chr1,299000000.5,45
Chr1,299000000.5,45
Chr1,299000000.5,45
Chr1,299000000.5,45
Chr1,299000000.5,45
Chr1,299000000.5,45
Chr1,299000000.5,45
Chr1,299000000.5,45
Chr1,299000000.5,45
Chr1,299000000.5,45
Chr1,303000000.5,71
Chr1,303000000.5,71
Chr1,303000000.5,71
Chr1,303000000.5,71
Chr1,303000000.5,71
Chr1,303000000.5,71
Chr1,303000000.5,71
Chr1,303000000.5,71
Chr1,303000000.5,71
Chr1,303000000.5,71
Chr1,303000000.5,71
Chr1,303000000.5,71
Chr1,303000000.5,71
Chr1,303000000.5,71
Chr1,303000000.5,71
Chr1,303000000.5,71
Chr1,303000000.5,71
Chr1,303000000.5,71
Chr1,303000000.5,71
Chr1,303000000.5,71
Chr1,303000000.5,71
Chr1,303000000.5,71
Chr1,303000000.5,71
Chr1,303000000.5,71
Chr1,303000000.5,71
Chr1,303000000.5,71
Chr1,303000000.5,71
Chr1,303000000.5,71
Chr1,303000000.5,71
Chr1,303000000.5,71
Chr1,303000000.5,71
Chr1,303000000.5,71
Chr1,303000000.5,71
Chr1,303000000.5,71
Chr1,303000000.5,71
Chr1,303000000.5,71
Chr1,303000000.5,71
Chr1,303000000.5,71
Chr1,303000000.5,71
Chr1,303000000.5,71
Chr1,303000000.5,71
Chr1,303000000.5,71
Chr1,303000000.5,71
Chr1,303000000.5,71
Chr1,303000000.5,71
Chr1,303000000.5,71
Chr1,303000000.5,71
Chr1,303000000.5,71
Chr1,303000000.5,71
Chr1,303000000.5,71
Chr1,303000000.5,71
Chr1,303000000.5,71
Chr1,303000000.5,71
Chr1,303000000.5,71
Chr1,303000000.5,71
Chr1,303000000.5,71
Chr1,303000000.5,71
Chr1,303000000.5,71
Chr1,303000000.5,71
Chr1,303000000.5,71
Chr1,303000000.5,71
Chr1,303000000.5,71
Chr1,303000000.5,71
Chr1,303000000.5,71
Chr1,303000000.5,71
Chr1,303000000.5,71
Chr1,303000000.5,71
Chr1,303000000.5,71
Chr1,303000000.5,71
Chr1,303000000.5,71
Chr1,303000000.5,71
Chr2,3000000.5,46
Chr2,3000000.5,46
Chr2,3000000.5,46
Chr2,3000000.5,46
Chr2,3000000.5,46
Chr2,3000000.5,46
Chr2,3000000.5,46
Chr2,3000000.5,46
Chr2,3000000.5,46
Chr2,3000000.5,46
Chr2,3000000.5,46
Chr2,3000000.5,46
Chr2,3000000.5,46
Chr2,3000000.5,46
Chr2,3000000.5,46
Chr2,3000000.5,46
Chr2,3000000.5,46
Chr2,3000000.5,46
Chr2,3000000.5,46
Chr2,3000000.5,46
Chr2,3000000.5,46
Chr2,3000000.5,46
Chr2,3000000.5,46
Chr2,3000000.5,46
Chr2,3000000.5,46
Chr2,3000000.5,46
Chr2,3000000.5,46
Chr2,3000000.5,46
Chr2,3000000.5,46
Chr2,3000000.5,46
Chr2,3000000.5,46
Chr2,3000000.5,46
Chr2,3000000.5,46
Chr2,3000000.5,46
Chr2,3000000.5,46
Chr2,3000000.5,46
Chr2,3000000.5,46
Chr2,3000000.5,46
Chr2,3000000.5,46
Chr2,3000000.5,46
Chr2,3000000.5,46
Chr2,3000000.5,46
Chr2,3000000.5,46
Chr2,3000000.5,46
Chr2,3000000.5,46
Chr2,3000000.5,46
Chr2,7000000.5,45
Chr2,7000000.5,45
Chr2,7000000.5,45
Chr2,7000000.5,45
Chr2,7000000.5,45
Chr2,7000000.5,45
Chr2,7000000.5,45
Chr2,7000000.5,45
Chr2,7000000.5,45
Chr2,7000000.5,45
Chr2,7000000.5,45
Chr2,7000000.5,45
Chr2,7000000.5,45
Chr2,7000000.5,45
Chr2,7000000.5,45
Chr2,7000000.5,45
Chr2,7000000.5,45
Chr2,7000000.5,45
Chr2,7000000.5,45
Chr2,7000000.5,45
Chr2,7000000.5,45
Chr2,7000000.5,45
Chr2,7000000.5,45
Chr2,7000000.5,45
Chr2,7000000.5,45
Chr2,7000000.5,45
Chr2,7000000.5,45
Chr2,7000000.5,45
Chr2,7000000.5,45
Chr2,7000000.5,45
Chr2,7000000.5,45
Chr2,7000000.5,45
Chr2,7000000.5,45
Chr2,7000000.5,45
Chr2,7000000.5,45
Chr2,7000000.5,45
Chr2,7000000.5,45
Chr2,7000000.5,45
Chr2,7000000.5,45
Chr2,7000000.5,45
Chr2,7000000.5,45
Chr2,7000000.5,45
Chr2,7000000.5,45
Chr2,7000000.5,45
Chr2,7000000.5,45
Chr2,11000000.5,42
Chr2,11000000.5,42
Chr2,11000000.5,42
Chr2,11000000.5,42
Chr2,11000000.5,42
Chr2,11000000.5,42
Chr2,11000000.5,42
Chr2,11000000.5,42
Chr2,11000000.5,42
Chr2,11000000.5,42
Chr2,11000000.5,42
Chr2,11000000.5,42
Chr2,11000000.5,42
Chr2,11000000.5,42
Chr2,11000000.5,42
Chr2,11000000.5,42
Chr2,11000000.5,42
Chr2,11000000.5,42
Chr2,11000000.5,42
Chr2,11000000.5,42
Chr2,11000000.5,42
Chr2,11000000.5,42
Chr2,11000000.5,42
Chr2,11000000.5,42
Chr2,11000000.5,42
Chr2,11000000.5,42
Chr2,11000000.5,42
Chr2,11000000.5,42
Chr2,11000000.5,42
Chr2,11000000.5,42
Chr2,11000000.5,42
Chr2,11000000.5,42
Chr2,11000000.5,42
Chr2,11000000.5,42
Chr2,11000000.5,42
Chr2,11000000.5,42
Chr2,11000000.5,42
Chr2,11000000.5,42
Chr2,11000000.5,42
Chr2,11000000.5,42
Chr2,11000000.5,42
Chr2,11000000.5,42
Chr2,27000000.5,58
Chr2,27000000.5,58
Chr2,27000000.5,58
Chr2,27000000.5,58
Chr2,27000000.5,58
Chr2,27000000.5,58
Chr2,27000000.5,58
Chr2,27000000.5,58
Chr2,27000000.5,58
Chr2,27000000.5,58
Chr2,27000000.5,58
Chr2,27000000.5,58
Chr2,27000000.5,58
Chr2,27000000.5,58
Chr2,27000000.5,58
Chr2,27000000.5,58
Chr2,27000000.5,58
Chr2,27000000.5,58
Chr2,27000000.5,58
Chr2,27000000.5,58
Chr2,27000000.5,58
Chr2,27000000.5,58
Chr2,27000000.5,58
Chr2,27000000.5,58
Chr2,27000000.5,58
Chr2,27000000.5,58
Chr2,27000000.5,58
Chr2,27000000.5,58
Chr2,27000000.5,58
Chr2,27000000.5,58
Chr2,27000000.5,58
Chr2,27000000.5,58
Chr2,27000000.5,58
Chr2,27000000.5,58
Chr2,27000000.5,58
Chr2,27000000.5,58
Chr2,27000000.5,58
Chr2,27000000.5,58
Chr2,27000000.5,58
Chr2,27000000.5,58
Chr2,27000000.5,58
Chr2,27000000.5,58
Chr2,27000000.5,58
Chr2,27000000.5,58
Chr2,27000000.5,58
Chr2,27000000.5,58
Chr2,27000000.5,58
Chr2,27000000.5,58
Chr2,27000000.5,58
Chr2,27000000.5,58
Chr2,27000000.5,58
Chr2,27000000.5,58
Chr2,27000000.5,58
Chr2,27000000.5,58
Chr2,27000000.5,58
Chr2,27000000.5,58
Chr2,27000000.5,58
Chr2,27000000.5,58
Chr2,31000000.5,45
Chr2,31000000.5,45
Chr2,31000000.5,45
Chr2,31000000.5,45
Chr2,31000000.5,45
Chr2,31000000.5,45
Chr2,31000000.5,45
Chr2,31000000.5,45
Chr2,31000000.5,45
Chr2,31000000.5,45
Chr2,31000000.5,45
Chr2,31000000.5,45
Chr2,31000000.5,45
Chr2,31000000.5,45
Chr2,31000000.5,45
Chr2,31000000.5,45
Chr2,31000000.5,45
Chr2,31000000.5,45
Chr2,31000000.5,45
Chr2,31000000.5,45
Chr2,31000000.5,45
Chr2,31000000.5,45
Chr2,31000000.5,45
Chr2,31000000.5,45
Chr2,31000000.5,45
Chr2,31000000.5,45
Chr2,31000000.5,45
Chr2,31000000.5,45
Chr2,31000000.5,45
Chr2,31000000.5,45
Chr2,31000000.5,45
Chr2,31000000.5,45
Chr2,31000000.5,45
Chr2,31000000.5,45
Chr2,31000000.5,45
Chr2,31000000.5,45
Chr2,31000000.5,45
Chr2,31000000.5,45
Chr2,31000000.5,45
Chr2,31000000.5,45
Chr2,31000000.5,45
Chr2,31000000.5,45
Chr2,31000000.5,45
Chr2,31000000.5,45
Chr2,31000000.5,45
Chr2,195000000.5,50
Chr2,195000000.5,50
Chr2,195000000.5,50
Chr2,195000000.5,50
Chr2,195000000.5,50
Chr2,195000000.5,50
Chr2,195000000.5,50
Chr2,195000000.5,50
Chr2,195000000.5,50
Chr2,195000000.5,50
Chr2,195000000.5,50
Chr2,195000000.5,50
Chr2,195000000.5,50
Chr2,195000000.5,50
Chr2,195000000.5,50
Chr2,195000000.5,50
Chr2,195000000.5,50
Chr2,195000000.5,50
Chr2,195000000.5,50
Chr2,195000000.5,50
Chr2,195000000.5,50
Chr2,195000000.5,50
Chr2,195000000.5,50
Chr2,195000000.5,50
Chr2,195000000.5,50
Chr2,195000000.5,50
Chr2,195000000.5,50
Chr2,195000000.5,50
Chr2,195000000.5,50
Chr2,195000000.5,50
Chr2,195000000.5,50
Chr2,195000000.5,50
Chr2,195000000.5,50
Chr2,195000000.5,50
Chr2,195000000.5,50
Chr2,195000000.5,50
Chr2,195000000.5,50
Chr2,195000000.5,50
Chr2,195000000.5,50
Chr2,195000000.5,50
Chr2,195000000.5,50
Chr2,195000000.5,50
Chr2,195000000.5,50
Chr2,195000000.5,50
Chr2,195000000.5,50
Chr2,195000000.5,50
Chr2,195000000.5,50
Chr2,195000000.5,50
Chr2,195000000.5,50
Chr2,195000000.5,50
Chr2,203000000.5,41
Chr2,203000000.5,41
Chr2,203000000.5,41
Chr2,203000000.5,41
Chr2,203000000.5,41
Chr2,203000000.5,41
Chr2,203000000.5,41
Chr2,203000000.5,41
Chr2,203000000.5,41
Chr2,203000000.5,41
Chr2,203000000.5,41
Chr2,203000000.5,41
Chr2,203000000.5,41
Chr2,203000000.5,41
Chr2,203000000.5,41
Chr2,203000000.5,41
Chr2,203000000.5,41
Chr2,203000000.5,41
Chr2,203000000.5,41
Chr2,203000000.5,41
Chr2,203000000.5,41
Chr2,203000000.5,41
Chr2,203000000.5,41
Chr2,203000000.5,41
Chr2,203000000.5,41
Chr2,203000000.5,41
Chr2,203000000.5,41
Chr2,203000000.5,41
Chr2,203000000.5,41
Chr2,203000000.5,41
Chr2,203000000.5,41
Chr2,203000000.5,41
Chr2,203000000.5,41
Chr2,203000000.5,41
Chr2,203000000.5,41
Chr2,203000000.5,41
Chr2,203000000.5,41
Chr2,203000000.5,41
Chr2,203000000.5,41
Chr2,203000000.5,41
Chr2,203000000.5,41
Chr2,231000000.5,45
Chr2,231000000.5,45
Chr2,231000000.5,45
Chr2,231000000.5,45
Chr2,231000000.5,45
Chr2,231000000.5,45
Chr2,231000000.5,45
Chr2,231000000.5,45
Chr2,231000000.5,45
Chr2,231000000.5,45
Chr2,231000000.5,45
Chr2,231000000.5,45
Chr2,231000000.5,45
Chr2,231000000.5,45
Chr2,231000000.5,45
Chr2,231000000.5,45
Chr2,231000000.5,45
Chr2,231000000.5,45
Chr2,231000000.5,45
Chr2,231000000.5,45
Chr2,231000000.5,45
Chr2,231000000.5,45
Chr2,231000000.5,45
Chr2,231000000.5,45
Chr2,231000000.5,45
Chr2,231000000.5,45
Chr2,231000000.5,45
Chr2,231000000.5,45
Chr2,231000000.5,45
Chr2,231000000.5,45
Chr2,231000000.5,45
Chr2,231000000.5,45
Chr2,231000000.5,45
Chr2,231000000.5,45
Chr2,231000000.5,45
Chr2,231000000.5,45
Chr2,231000000.5,45
Chr2,231000000.5,45
Chr2,231000000.5,45
Chr2,231000000.5,45
Chr2,231000000.5,45
Chr2,231000000.5,45
Chr2,231000000.5,45
Chr2,231000000.5,45
Chr2,231000000.5,45
Chr2,239000000.5,53
Chr2,239000000.5,53
Chr2,239000000.5,53
Chr2,239000000.5,53
Chr2,239000000.5,53
Chr2,239000000.5,53
Chr2,239000000.5,53
Chr2,239000000.5,53
Chr2,239000000.5,53
Chr2,239000000.5,53
Chr2,239000000.5,53
Chr2,239000000.5,53
Chr2,239000000.5,53
Chr2,239000000.5,53
Chr2,239000000.5,53
Chr2,239000000.5,53
Chr2,239000000.5,53
Chr2,239000000.5,53
Chr2,239000000.5,53
Chr2,239000000.5,53
Chr2,239000000.5,53
Chr2,239000000.5,53
Chr2,239000000.5,53
Chr2,239000000.5,53
Chr2,239000000.5,53
Chr2,239000000.5,53
Chr2,239000000.5,53
Chr2,239000000.5,53
Chr2,239000000.5,53
Chr2,239000000.5,53
Chr2,239000000.5,53
Chr2,239000000.5,53
Chr2,239000000.5,53
Chr2,239000000.5,53
Chr2,239000000.5,53
Chr2,239000000.5,53
Chr2,239000000.5,53
Chr2,239000000.5,53
Chr2,239000000.5,53
Chr2,239000000.5,53
Chr2,239000000.5,53
Chr2,239000000.5,53
Chr2,239000000.5,53
Chr2,239000000.5,53
Chr2,239000000.5,53
Chr2,239000000.5,53
Chr2,239000000.5,53
Chr2,239000000.5,53
Chr2,239000000.5,53
Chr2,239000000.5,53
Chr2,239000000.5,53
Chr2,239000000.5,53
Chr2,239000000.5,53
Chr3,171000000.5,42
Chr3,171000000.5,42
Chr3,171000000.5,42
Chr3,171000000.5,42
Chr3,171000000.5,42
Chr3,171000000.5,42
Chr3,171000000.5,42
Chr3,171000000.5,42
Chr3,171000000.5,42
Chr3,171000000.5,42
Chr3,171000000.5,42
Chr3,171000000.5,42
Chr3,171000000.5,42
Chr3,171000000.5,42
Chr3,171000000.5,42
Chr3,171000000.5,42
Chr3,171000000.5,42
Chr3,171000000.5,42
Chr3,171000000.5,42
Chr3,171000000.5,42
Chr3,171000000.5,42
Chr3,171000000.5,42
Chr3,171000000.5,42
Chr3,171000000.5,42
Chr3,171000000.5,42
Chr3,171000000.5,42
Chr3,171000000.5,42
Chr3,171000000.5,42
Chr3,171000000.5,42
Chr3,171000000.5,42
Chr3,171000000.5,42
Chr3,171000000.5,42
Chr3,171000000.5,42
Chr3,171000000.5,42
Chr3,171000000.5,42
Chr3,171000000.5,42
Chr3,171000000.5,42
Chr3,171000000.5,42
Chr3,171000000.5,42
Chr3,171000000.5,42
Chr3,171000000.5,42
Chr3,171000000.5,42
Chr3,215000000.5,42
Chr3,215000000.5,42
Chr3,215000000.5,42
Chr3,215000000.5,42
Chr3,215000000.5,42
Chr3,215000000.5,42
Chr3,215000000.5,42
Chr3,215000000.5,42
Chr3,215000000.5,42
Chr3,215000000.5,42
Chr3,215000000.5,42
Chr3,215000000.5,42
Chr3,215000000.5,42
Chr3,215000000.5,42
Chr3,215000000.5,42
Chr3,215000000.5,42
Chr3,215000000.5,42
Chr3,215000000.5,42
Chr3,215000000.5,42
Chr3,215000000.5,42
Chr3,215000000.5,42
Chr3,215000000.5,42
Chr3,215000000.5,42
Chr3,215000000.5,42
Chr3,215000000.5,42
Chr3,215000000.5,42
Chr3,215000000.5,42
Chr3,215000000.5,42
Chr3,215000000.5,42
Chr3,215000000.5,42
Chr3,215000000.5,42
Chr3,215000000.5,42
Chr3,215000000.5,42
Chr3,215000000.5,42
Chr3,215000000.5,42
Chr3,215000000.5,42
Chr3,215000000.5,42
Chr3,215000000.5,42
Chr3,215000000.5,42
Chr3,215000000.5,42
Chr3,215000000.5,42
Chr3,215000000.5,42
Chr4,175000000.5,41
Chr4,175000000.5,41
Chr4,175000000.5,41
Chr4,175000000.5,41
Chr4,175000000.5,41
Chr4,175000000.5,41
Chr4,175000000.5,41
Chr4,175000000.5,41
Chr4,175000000.5,41
Chr4,175000000.5,41
Chr4,175000000.5,41
Chr4,175000000.5,41
Chr4,175000000.5,41
Chr4,175000000.5,41
Chr4,175000000.5,41
Chr4,175000000.5,41
Chr4,175000000.5,41
Chr4,175000000.5,41
Chr4,175000000.5,41
Chr4,175000000.5,41
Chr4,175000000.5,41
Chr4,175000000.5,41
Chr4,175000000.5,41
Chr4,175000000.5,41
Chr4,175000000.5,41
Chr4,175000000.5,41
Chr4,175000000.5,41
Chr4,175000000.5,41
Chr4,175000000.5,41
Chr4,175000000.5,41
Chr4,175000000.5,41
Chr4,175000000.5,41
Chr4,175000000.5,41
Chr4,175000000.5,41
Chr4,175000000.5,41
Chr4,175000000.5,41
Chr4,175000000.5,41
Chr4,175000000.5,41
Chr4,175000000.5,41
Chr4,175000000.5,41
Chr4,175000000.5,41
Chr4,243000000.5,70
Chr4,243000000.5,70
Chr4,243000000.5,70
Chr4,243000000.5,70
Chr4,243000000.5,70
Chr4,243000000.5,70
Chr4,243000000.5,70
Chr4,243000000.5,70
Chr4,243000000.5,70
Chr4,243000000.5,70
Chr4,243000000.5,70
Chr4,243000000.5,70
Chr4,243000000.5,70
Chr4,243000000.5,70
Chr4,243000000.5,70
Chr4,243000000.5,70
Chr4,243000000.5,70
Chr4,243000000.5,70
Chr4,243000000.5,70
Chr4,243000000.5,70
Chr4,243000000.5,70
Chr4,243000000.5,70
Chr4,243000000.5,70
Chr4,243000000.5,70
Chr4,243000000.5,70
Chr4,243000000.5,70
Chr4,243000000.5,70
Chr4,243000000.5,70
Chr4,243000000.5,70
Chr4,243000000.5,70
Chr4,243000000.5,70
Chr4,243000000.5,70
Chr4,243000000.5,70
Chr4,243000000.5,70
Chr4,243000000.5,70
Chr4,243000000.5,70
Chr4,243000000.5,70
Chr4,243000000.5,70
Chr4,243000000.5,70
Chr4,243000000.5,70
Chr4,243000000.5,70
Chr4,243000000.5,70
Chr4,243000000.5,70
Chr4,243000000.5,70
Chr4,243000000.5,70
Chr4,243000000.5,70
Chr4,243000000.5,70
Chr4,243000000.5,70
Chr4,243000000.5,70
Chr4,243000000.5,70
Chr4,243000000.5,70
Chr4,243000000.5,70
Chr4,243000000.5,70
Chr4,243000000.5,70
Chr4,243000000.5,70
Chr4,243000000.5,70
Chr4,243000000.5,70
Chr4,243000000.5,70
Chr4,243000000.5,70
Chr4,243000000.5,70
Chr4,243000000.5,70
Chr4,243000000.5,70
Chr4,243000000.5,70
Chr4,243000000.5,70
Chr4,243000000.5,70
Chr4,243000000.5,70
Chr4,243000000.5,70
Chr4,243000000.5,70
Chr4,243000000.5,70
Chr4,243000000.5,70
Chr5,3000000.5,40
Chr5,3000000.5,40
Chr5,3000000.5,40
Chr5,3000000.5,40
Chr5,3000000.5,40
Chr5,3000000.5,40
Chr5,3000000.5,40
Chr5,3000000.5,40
Chr5,3000000.5,40
Chr5,3000000.5,40
Chr5,3000000.5,40
Chr5,3000000.5,40
Chr5,3000000.5,40
Chr5,3000000.5,40
Chr5,3000000.5,40
Chr5,3000000.5,40
Chr5,3000000.5,40
Chr5,3000000.5,40
Chr5,3000000.5,40
Chr5,3000000.5,40
Chr5,3000000.5,40
Chr5,3000000.5,40
Chr5,3000000.5,40
Chr5,3000000.5,40
Chr5,3000000.5,40
Chr5,3000000.5,40
Chr5,3000000.5,40
Chr5,3000000.5,40
Chr5,3000000.5,40
Chr5,3000000.5,40
Chr5,3000000.5,40
Chr5,3000000.5,40
Chr5,3000000.5,40
Chr5,3000000.5,40
Chr5,3000000.5,40
Chr5,3000000.5,40
Chr5,3000000.5,40
Chr5,3000000.5,40
Chr5,3000000.5,40
Chr5,3000000.5,40
Chr5,219000000.5,42
Chr5,219000000.5,42
Chr5,219000000.5,42
Chr5,219000000.5,42
Chr5,219000000.5,42
Chr5,219000000.5,42
Chr5,219000000.5,42
Chr5,219000000.5,42
Chr5,219000000.5,42
Chr5,219000000.5,42
Chr5,219000000.5,42
Chr5,219000000.5,42
Chr5,219000000.5,42
Chr5,219000000.5,42
Chr5,219000000.5,42
Chr5,219000000.5,42
Chr5,219000000.5,42
Chr5,219000000.5,42
Chr5,219000000.5,42
Chr5,219000000.5,42
Chr5,219000000.5,42
Chr5,219000000.5,42
Chr5,219000000.5,42
Chr5,219000000.5,42
Chr5,219000000.5,42
Chr5,219000000.5,42
Chr5,219000000.5,42
Chr5,219000000.5,42
Chr5,219000000.5,42
Chr5,219000000.5,42
Chr5,219000000.5,42
Chr5,219000000.5,42
Chr5,219000000.5,42
Chr5,219000000.5,42
Chr5,219000000.5,42
Chr5,219000000.5,42
Chr5,219000000.5,42
Chr5,219000000.5,42
Chr5,219000000.5,42
Chr5,219000000.5,42
Chr5,219000000.5,42
Chr5,219000000.5,42
Chr6,167000000.5,51
Chr6,167000000.5,51
Chr6,167000000.5,51
Chr6,167000000.5,51
Chr6,167000000.5,51
Chr6,167000000.5,51
Chr6,167000000.5,51
Chr6,167000000.5,51
Chr6,167000000.5,51
Chr6,167000000.5,51
Chr6,167000000.5,51
Chr6,167000000.5,51
Chr6,167000000.5,51
Chr6,167000000.5,51
Chr6,167000000.5,51
Chr6,167000000.5,51
Chr6,167000000.5,51
Chr6,167000000.5,51
Chr6,167000000.5,51
Chr6,167000000.5,51
Chr6,167000000.5,51
Chr6,167000000.5,51
Chr6,167000000.5,51
Chr6,167000000.5,51
Chr6,167000000.5,51
Chr6,167000000.5,51
Chr6,167000000.5,51
Chr6,167000000.5,51
Chr6,167000000.5,51
Chr6,167000000.5,51
Chr6,167000000.5,51
Chr6,167000000.5,51
Chr6,167000000.5,51
Chr6,167000000.5,51
Chr6,167000000.5,51
Chr6,167000000.5,51
Chr6,167000000.5,51
Chr6,167000000.5,51
Chr6,167000000.5,51
Chr6,167000000.5,51
Chr6,167000000.5,51
Chr6,167000000.5,51
Chr6,167000000.5,51
Chr6,167000000.5,51
Chr6,167000000.5,51
Chr6,167000000.5,51
Chr6,167000000.5,51
Chr6,167000000.5,51
Chr6,167000000.5,51
Chr6,167000000.5,51
Chr6,167000000.5,51
Chr8,3000000.5,41
Chr8,3000000.5,41
Chr8,3000000.5,41
Chr8,3000000.5,41
Chr8,3000000.5,41
Chr8,3000000.5,41
Chr8,3000000.5,41
Chr8,3000000.5,41
Chr8,3000000.5,41
Chr8,3000000.5,41
Chr8,3000000.5,41
Chr8,3000000.5,41
Chr8,3000000.5,41
Chr8,3000000.5,41
Chr8,3000000.5,41
Chr8,3000000.5,41
Chr8,3000000.5,41
Chr8,3000000.5,41
Chr8,3000000.5,41
Chr8,3000000.5,41
Chr8,3000000.5,41
Chr8,3000000.5,41
Chr8,3000000.5,41
Chr8,3000000.5,41
Chr8,3000000.5,41
Chr8,3000000.5,41
Chr8,3000000.5,41
Chr8,3000000.5,41
Chr8,3000000.5,41
Chr8,3000000.5,41
Chr8,3000000.5,41
Chr8,3000000.5,41
Chr8,3000000.5,41
Chr8,3000000.5,41
Chr8,3000000.5,41
Chr8,3000000.5,41
Chr8,3000000.5,41
Chr8,3000000.5,41
Chr8,3000000.5,41
Chr8,3000000.5,41
Chr8,3000000.5,41
Chr8,7000000.5,48
Chr8,7000000.5,48
Chr8,7000000.5,48
Chr8,7000000.5,48
Chr8,7000000.5,48
Chr8,7000000.5,48
Chr8,7000000.5,48
Chr8,7000000.5,48
Chr8,7000000.5,48
Chr8,7000000.5,48
Chr8,7000000.5,48
Chr8,7000000.5,48
Chr8,7000000.5,48
Chr8,7000000.5,48
Chr8,7000000.5,48
Chr8,7000000.5,48
Chr8,7000000.5,48
Chr8,7000000.5,48
Chr8,7000000.5,48
Chr8,7000000.5,48
Chr8,7000000.5,48
Chr8,7000000.5,48
Chr8,7000000.5,48
Chr8,7000000.5,48
Chr8,7000000.5,48
Chr8,7000000.5,48
Chr8,7000000.5,48
Chr8,7000000.5,48
Chr8,7000000.5,48
Chr8,7000000.5,48
Chr8,7000000.5,48
Chr8,7000000.5,48
Chr8,7000000.5,48
Chr8,7000000.5,48
Chr8,7000000.5,48
Chr8,7000000.5,48
Chr8,7000000.5,48
Chr8,7000000.5,48
Chr8,7000000.5,48
Chr8,7000000.5,48
Chr8,7000000.5,48
Chr8,7000000.5,48
Chr8,7000000.5,48
Chr8,7000000.5,48
Chr8,7000000.5,48
Chr8,7000000.5,48
Chr8,7000000.5,48
Chr8,7000000.5,48
Chr8,15000000.5,43
Chr8,15000000.5,43
Chr8,15000000.5,43
Chr8,15000000.5,43
Chr8,15000000.5,43
Chr8,15000000.5,43
Chr8,15000000.5,43
Chr8,15000000.5,43
Chr8,15000000.5,43
Chr8,15000000.5,43
Chr8,15000000.5,43
Chr8,15000000.5,43
Chr8,15000000.5,43
Chr8,15000000.5,43
Chr8,15000000.5,43
Chr8,15000000.5,43
Chr8,15000000.5,43
Chr8,15000000.5,43
Chr8,15000000.5,43
Chr8,15000000.5,43
Chr8,15000000.5,43
Chr8,15000000.5,43
Chr8,15000000.5,43
Chr8,15000000.5,43
Chr8,15000000.5,43
Chr8,15000000.5,43
Chr8,15000000.5,43
Chr8,15000000.5,43
Chr8,15000000.5,43
Chr8,15000000.5,43
Chr8,15000000.5,43
Chr8,15000000.5,43
Chr8,15000000.5,43
Chr8,15000000.5,43
Chr8,15000000.5,43
Chr8,15000000.5,43
Chr8,15000000.5,43
Chr8,15000000.5,43
Chr8,15000000.5,43
Chr8,15000000.5,43
Chr8,15000000.5,43
Chr8,15000000.5,43
Chr8,15000000.5,43
Chr8,131000000.5,40
Chr8,131000000.5,40
Chr8,131000000.5,40
Chr8,131000000.5,40
Chr8,131000000.5,40
Chr8,131000000.5,40
Chr8,131000000.5,40
Chr8,131000000.5,40
Chr8,131000000.5,40
Chr8,131000000.5,40
Chr8,131000000.5,40
Chr8,131000000.5,40
Chr8,131000000.5,40
Chr8,131000000.5,40
Chr8,131000000.5,40
Chr8,131000000.5,40
Chr8,131000000.5,40
Chr8,131000000.5,40
Chr8,131000000.5,40
Chr8,131000000.5,40
Chr8,131000000.5,40
Chr8,131000000.5,40
Chr8,131000000.5,40
Chr8,131000000.5,40
Chr8,131000000.5,40
Chr8,131000000.5,40
Chr8,131000000.5,40
Chr8,131000000.5,40
Chr8,131000000.5,40
Chr8,131000000.5,40
Chr8,131000000.5,40
Chr8,131000000.5,40
Chr8,131000000.5,40
Chr8,131000000.5,40
Chr8,131000000.5,40
Chr8,131000000.5,40
Chr8,131000000.5,40
Chr8,131000000.5,40
Chr8,131000000.5,40
Chr8,131000000.5,40
Chr8,139000000.5,46
Chr8,139000000.5,46
Chr8,139000000.5,46
Chr8,139000000.5,46
Chr8,139000000.5,46
Chr8,139000000.5,46
Chr8,139000000.5,46
Chr8,139000000.5,46
Chr8,139000000.5,46
Chr8,139000000.5,46
Chr8,139000000.5,46
Chr8,139000000.5,46
Chr8,139000000.5,46
Chr8,139000000.5,46
Chr8,139000000.5,46
Chr8,139000000.5,46
Chr8,139000000.5,46
Chr8,139000000.5,46
Chr8,139000000.5,46
Chr8,139000000.5,46
Chr8,139000000.5,46
Chr8,139000000.5,46
Chr8,139000000.5,46
Chr8,139000000.5,46
Chr8,139000000.5,46
Chr8,139000000.5,46
Chr8,139000000.5,46
Chr8,139000000.5,46
Chr8,139000000.5,46
Chr8,139000000.5,46
Chr8,139000000.5,46
Chr8,139000000.5,46
Chr8,139000000.5,46
Chr8,139000000.5,46
Chr8,139000000.5,46
Chr8,139000000.5,46
Chr8,139000000.5,46
Chr8,139000000.5,46
Chr8,139000000.5,46
Chr8,139000000.5,46
Chr8,139000000.5,46
Chr8,139000000.5,46
Chr8,139000000.5,46
Chr8,139000000.5,46
Chr8,139000000.5,46
Chr8,139000000.5,46
Chr8,159000000.5,42
Chr8,159000000.5,42
Chr8,159000000.5,42
Chr8,159000000.5,42
Chr8,159000000.5,42
Chr8,159000000.5,42
Chr8,159000000.5,42
Chr8,159000000.5,42
Chr8,159000000.5,42
Chr8,159000000.5,42
Chr8,159000000.5,42
Chr8,159000000.5,42
Chr8,159000000.5,42
Chr8,159000000.5,42
Chr8,159000000.5,42
Chr8,159000000.5,42
Chr8,159000000.5,42
Chr8,159000000.5,42
Chr8,159000000.5,42
Chr8,159000000.5,42
Chr8,159000000.5,42
Chr8,159000000.5,42
Chr8,159000000.5,42
Chr8,159000000.5,42
Chr8,159000000.5,42
Chr8,159000000.5,42
Chr8,159000000.5,42
Chr8,159000000.5,42
Chr8,159000000.5,42
Chr8,159000000.5,42
Chr8,159000000.5,42
Chr8,159000000.5,42
Chr8,159000000.5,42
Chr8,159000000.5,42
Chr8,159000000.5,42
Chr8,159000000.5,42
Chr8,159000000.5,42
Chr8,159000000.5,42
Chr8,159000000.5,42
Chr8,159000000.5,42
Chr8,159000000.5,42
Chr8,159000000.5,42
Chr8,163000000.5,56
Chr8,163000000.5,56
Chr8,163000000.5,56
Chr8,163000000.5,56
Chr8,163000000.5,56
Chr8,163000000.5,56
Chr8,163000000.5,56
Chr8,163000000.5,56
Chr8,163000000.5,56
Chr8,163000000.5,56
Chr8,163000000.5,56
Chr8,163000000.5,56
Chr8,163000000.5,56
Chr8,163000000.5,56
Chr8,163000000.5,56
Chr8,163000000.5,56
Chr8,163000000.5,56
Chr8,163000000.5,56
Chr8,163000000.5,56
Chr8,163000000.5,56
Chr8,163000000.5,56
Chr8,163000000.5,56
Chr8,163000000.5,56
Chr8,163000000.5,56
Chr8,163000000.5,56
Chr8,163000000.5,56
Chr8,163000000.5,56
Chr8,163000000.5,56
Chr8,163000000.5,56
Chr8,163000000.5,56
Chr8,163000000.5,56
Chr8,163000000.5,56
Chr8,163000000.5,56
Chr8,163000000.5,56
Chr8,163000000.5,56
Chr8,163000000.5,56
Chr8,163000000.5,56
Chr8,163000000.5,56
Chr8,163000000.5,56
Chr8,163000000.5,56
Chr8,163000000.5,56
Chr8,163000000.5,56
Chr8,163000000.5,56
Chr8,163000000.5,56
Chr8,163000000.5,56
Chr8,163000000.5,56
Chr8,163000000.5,56
Chr8,163000000.5,56
Chr8,163000000.5,56
Chr8,163000000.5,56
Chr8,163000000.5,56
Chr8,163000000.5,56
Chr8,163000000.5,56
Chr8,163000000.5,56
Chr8,163000000.5,56
Chr8,163000000.5,56
Chr8,167000000.5,49
Chr8,167000000.5,49
Chr8,167000000.5,49
Chr8,167000000.5,49
Chr8,167000000.5,49
Chr8,167000000.5,49
Chr8,167000000.5,49
Chr8,167000000.5,49
Chr8,167000000.5,49
Chr8,167000000.5,49
Chr8,167000000.5,49
Chr8,167000000.5,49
Chr8,167000000.5,49
Chr8,167000000.5,49
Chr8,167000000.5,49
Chr8,167000000.5,49
Chr8,167000000.5,49
Chr8,167000000.5,49
Chr8,167000000.5,49
Chr8,167000000.5,49
Chr8,167000000.5,49
Chr8,167000000.5,49
Chr8,167000000.5,49
Chr8,167000000.5,49
Chr8,167000000.5,49
Chr8,167000000.5,49
Chr8,167000000.5,49
Chr8,167000000.5,49
Chr8,167000000.5,49
Chr8,167000000.5,49
Chr8,167000000.5,49
Chr8,167000000.5,49
Chr8,167000000.5,49
Chr8,167000000.5,49
Chr8,167000000.5,49
Chr8,167000000.5,49
Chr8,167000000.5,49
Chr8,167000000.5,49
Chr8,167000000.5,49
Chr8,167000000.5,49
Chr8,167000000.5,49
Chr8,167000000.5,49
Chr8,167000000.5,49
Chr8,167000000.5,49
Chr8,167000000.5,49
Chr8,167000000.5,49
Chr8,167000000.5,49
Chr8,167000000.5,49
Chr8,167000000.5,49
Chr8,171000000.5,41
Chr8,171000000.5,41
Chr8,171000000.5,41
Chr8,171000000.5,41
Chr8,171000000.5,41
Chr8,171000000.5,41
Chr8,171000000.5,41
Chr8,171000000.5,41
Chr8,171000000.5,41
Chr8,171000000.5,41
Chr8,171000000.5,41
Chr8,171000000.5,41
Chr8,171000000.5,41
Chr8,171000000.5,41
Chr8,171000000.5,41
Chr8,171000000.5,41
Chr8,171000000.5,41
Chr8,171000000.5,41
Chr8,171000000.5,41
Chr8,171000000.5,41
Chr8,171000000.5,41
Chr8,171000000.5,41
Chr8,171000000.5,41
Chr8,171000000.5,41
Chr8,171000000.5,41
Chr8,171000000.5,41
Chr8,171000000.5,41
Chr8,171000000.5,41
Chr8,171000000.5,41
Chr8,171000000.5,41
Chr8,171000000.5,41
Chr8,171000000.5,41
Chr8,171000000.5,41
Chr8,171000000.5,41
Chr8,171000000.5,41
Chr8,171000000.5,41
Chr8,171000000.5,41
Chr8,171000000.5,41
Chr8,171000000.5,41
Chr8,171000000.5,41
Chr8,171000000.5,41
Chr8,175000000.5,62
Chr8,175000000.5,62
Chr8,175000000.5,62
Chr8,175000000.5,62
Chr8,175000000.5,62
Chr8,175000000.5,62
Chr8,175000000.5,62
Chr8,175000000.5,62
Chr8,175000000.5,62
Chr8,175000000.5,62
Chr8,175000000.5,62
Chr8,175000000.5,62
Chr8,175000000.5,62
Chr8,175000000.5,62
Chr8,175000000.5,62
Chr8,175000000.5,62
Chr8,175000000.5,62
Chr8,175000000.5,62
Chr8,175000000.5,62
Chr8,175000000.5,62
Chr8,175000000.5,62
Chr8,175000000.5,62
Chr8,175000000.5,62
Chr8,175000000.5,62
Chr8,175000000.5,62
Chr8,175000000.5,62
Chr8,175000000.5,62
Chr8,175000000.5,62
Chr8,175000000.5,62
Chr8,175000000.5,62
Chr8,175000000.5,62
Chr8,175000000.5,62
Chr8,175000000.5,62
Chr8,175000000.5,62
Chr8,175000000.5,62
Chr8,175000000.5,62
Chr8,175000000.5,62
Chr8,175000000.5,62
Chr8,175000000.5,62
Chr8,175000000.5,62
Chr8,175000000.5,62
Chr8,175000000.5,62
Chr8,175000000.5,62
Chr8,175000000.5,62
Chr8,175000000.5,62
Chr8,175000000.5,62
Chr8,175000000.5,62
Chr8,175000000.5,62
Chr8,175000000.5,62
Chr8,175000000.5,62
Chr8,175000000.5,62
Chr8,175000000.5,62
Chr8,175000000.5,62
Chr8,175000000.5,62
Chr8,175000000.5,62
Chr8,175000000.5,62
Chr8,175000000.5,62
Chr8,175000000.5,62
Chr8,175000000.5,62
Chr8,175000000.5,62
Chr8,175000000.5,62
Chr8,175000000.5,62
Chr8,178561319,60
Chr8,178561319,60
Chr8,178561319,60
Chr8,178561319,60
Chr8,178561319,60
Chr8,178561319,60
Chr8,178561319,60
Chr8,178561319,60
Chr8,178561319,60
Chr8,178561319,60
Chr8,178561319,60
Chr8,178561319,60
Chr8,178561319,60
Chr8,178561319,60
Chr8,178561319,60
Chr8,178561319,60
Chr8,178561319,60
Chr8,178561319,60
Chr8,178561319,60
Chr8,178561319,60
Chr8,178561319,60
Chr8,178561319,60
Chr8,178561319,60
Chr8,178561319,60
Chr8,178561319,60
Chr8,178561319,60
Chr8,178561319,60
Chr8,178561319,60
Chr8,178561319,60
Chr8,178561319,60
Chr8,178561319,60
Chr8,178561319,60
Chr8,178561319,60
Chr8,178561319,60
Chr8,178561319,60
Chr8,178561319,60
Chr8,178561319,60
Chr8,178561319,60
Chr8,178561319,60
Chr8,178561319,60
Chr8,178561319,60
Chr8,178561319,60
Chr8,178561319,60
Chr8,178561319,60
Chr8,178561319,60
Chr8,178561319,60
Chr8,178561319,60
Chr8,178561319,60
Chr8,178561319,60
Chr8,178561319,60
Chr8,178561319,60
Chr8,178561319,60
Chr8,178561319,60
Chr8,178561319,60
Chr8,178561319,60
Chr8,178561319,60
Chr8,178561319,60
Chr8,178561319,60
Chr8,178561319,60
Chr8,178561319,60
Chr9,23000000.5,40
Chr9,23000000.5,40
Chr9,23000000.5,40
Chr9,23000000.5,40
Chr9,23000000.5,40
Chr9,23000000.5,40
Chr9,23000000.5,40
Chr9,23000000.5,40
Chr9,23000000.5,40
Chr9,23000000.5,40
Chr9,23000000.5,40
Chr9,23000000.5,40
Chr9,23000000.5,40
Chr9,23000000.5,40
Chr9,23000000.5,40
Chr9,23000000.5,40
Chr9,23000000.5,40
Chr9,23000000.5,40
Chr9,23000000.5,40
Chr9,23000000.5,40
Chr9,23000000.5,40
Chr9,23000000.5,40
Chr9,23000000.5,40
Chr9,23000000.5,40
Chr9,23000000.5,40
Chr9,23000000.5,40
Chr9,23000000.5,40
Chr9,23000000.5,40
Chr9,23000000.5,40
Chr9,23000000.5,40
Chr9,23000000.5,40
Chr9,23000000.5,40
Chr9,23000000.5,40
Chr9,23000000.5,40
Chr9,23000000.5,40
Chr9,23000000.5,40
Chr9,23000000.5,40
Chr9,23000000.5,40
Chr9,23000000.5,40
Chr9,23000000.5,40